id,pesid,data_inversa,dia_semana,horario,uf,br,km,municipio,causa_principal,causa_acidente,ordem_tipo_acidente,tipo_acidente,classificacao_acidente,fase_dia,sentido_via,condicao_metereologica,tipo_pista,tracado_via,uso_solo,id_veiculo,tipo_veiculo,marca,ano_fabricacao_veiculo,tipo_envolvido,estado_fisico,idade,sexo,ilesos,feridos_leves,feridos_graves,mortos,latitude,longitude,regional,delegacia,uop,marca_limpa,modelo,gravidade,regiao,hora,periodo
671387,,2025-04-03,quinta-feira,21:20:00,PR,376,"603,5",CURITIBA,Não,Falta de elemento de contenção que evite a saída do leito carroçável,1,Colisão traseira,Com Vítimas Fatais,Plena Noite,Decrescente,Nublado,Dupla,Reta,Sim,1210637,Semireboque,SR/RANDON SR CA,2009,,,,,,,,,-25.53081884,-49.32483304,SPRF-PR,DEL01-PR,UOP06-DEL01-PR,SR,RANDON SR CA,Sem Feridos,Sul,21,Noite
652901,1468884,2025-01-03,sexta-feira,08:58:00,PB,230,"56,4",CRUZ DO ESPIRITO SANTO,Sim,Demais falhas mecânicas ou elétricas,2,Saída de leito carroçável,Com Vítimas Feridas,Pleno dia,Decrescente,Céu Claro,Dupla,Reta,Não,1173771,Motocicleta,HONDA/XRE 190,2016,Condutor,Lesões Graves,53,Masculino,0,0,1,0,-7.2021,-35.1038,SPRF-PB,DEL01-PB,UOP02-DEL01-PB,HONDA,XRE 190,Grave,Nordeste,8,Manhã
657280,1480764,2025-01-25,sábado,16:00:00,BA,324,"513,3",FEIRA DE SANTANA,Sim,Ingestão de álcool pelo condutor,1,Colisão transversal,Com Vítimas Feridas,Pleno dia,Decrescente,Céu Claro,Simples,Reta,Sim,1182006,Motocicleta,HONDA/POP 110I,2024,Condutor,Lesões Leves,46,Masculino,0,1,0,0,-12.23149473,-38.95730016,SPRF-BA,DEL02-BA,UOP01-DEL02-BA,HONDA,POP 110I,Leve,Nordeste,16,Tarde
657514,1481349,2025-01-26,domingo,15:54:00,SC,470,32,GASPAR,Sim,Condutor deixou de manter distância do veículo da frente,2,Colisão traseira,Com Vítimas Feridas,Pleno dia,Crescente,Céu Claro,Dupla,Reta,Não,1182436,Automóvel,HYUNDAI/CRETA1TA PLTINUM,2022,Condutor,Ileso,57,Masculino,1,0,0,0,-26.901793,-48.931812,SPRF-SC,DEL04-SC,UOP01-DEL04-SC,HYUNDAI,CRETA1TA PLTINUM,Sem Feridos,Sul,15,Tarde
658113,1482946,2025-01-29,quarta-feira,19:35:00,PE,116,"35,2",SALGUEIRO,Sim,Velocidade Incompatível,2,Capotamento,Com Vítimas Feridas,Plena Noite,Decrescente,Céu Claro,Simples,Aclive,Não,1183608,Automóvel,TOYOTA/COROLLA XEI20FLEX,2015,Passageiro,Lesões Leves,59,Masculino,0,1,0,0,-8.144699,-39.111214,SPRF-PE,DEL05-PE,UOP01-DEL05-PE,TOYOTA,COROLLA XEI20FLEX,Leve,Nordeste,19,Noite
668880,,2025-03-22,sábado,18:20:00,SE,101,"72,7",MARUIM,Sim,Animais na Pista,1,Atropelamento de Animal,Com Vítimas Feridas,Plena Noite,Crescente,Céu Claro,Dupla,Reta,Não,1204318,Semireboque,SR/NOMA SR3E27 BCM,2012,,,,,,,,,-10.75270339,-37.10048678,SPRF-SE,DEL01-SE,UOP01-DEL01-SE,SR,NOMA SR3E27 BCM,Sem Feridos,Nordeste,18,Noite
656267,1478096,2025-01-20,segunda-feira,11:15:00,RJ,101,415,MANGARATIBA,Sim,Condutor deixou de manter distância do veículo da frente,1,Colisão traseira,Sem Vítimas,Pleno dia,Crescente,Céu Claro,Dupla,Reta,Não,1180008,Automóvel,FIAT/PALIO WK ADVEN FLEX,2010,Condutor,Ileso,56,Masculino,1,0,0,0,-22.90433243,-43.88181398,SPRF-RJ,DEL03-RJ,UOP01-DEL03-RJ,FIAT,PALIO WK ADVEN FLEX,Sem Feridos,Sudeste,11,Manhã
695497,1546741,2025-06-03,terça-feira,05:54:00,TO,153,"645,7",DUERE,Sim,Condutor Dormindo,1,Saída de leito carroçável,Com Vítimas Feridas,Plena Noite,Crescente,Céu Claro,Simples,Reta,Não,1233994,Caminhão-trator,VOLVO/FH 460 6X4T,2019,Condutor,Lesões Leves,51,Masculino,0,1,0,0,-11.57958347,-49.03261186,SPRF-TO,DEL01-TO,UOP02-DEL01-TO,VOLVO,FH 460 6X4T,Leve,Norte,5,Manhã
672719,1518566,2025-03-01,sábado,08:40:00,BA,110,343,ALAGOINHAS,Não,Ingestão de álcool pelo condutor,2,Colisão com objeto,Com Vítimas Feridas,Pleno dia,Crescente,Nublado,Simples,Curva,Não,1211724,Automóvel,FIAT/PALIO FIRE WAY,2014,Passageiro,Lesões Graves,23,Masculino,0,0,1,0,-12.21168772,-38.41458356,SPRF-BA,DEL01-BA,UOP04-DEL01-BA,FIAT,PALIO FIRE WAY,Grave,Nordeste,8,Manhã
665797,1502232,2025-03-07,sexta-feira,19:45:00,PR,116,146,MANDIRITUBA,Sim,Transitar na contramão,3,Colisão transversal,Com Vítimas Feridas,Plena Noite,Crescente,Céu Claro,Simples,Reta,Não,1198500,Ônibus,MERCEDES BENZ/,1973,Passageiro,Lesões Leves,61,Feminino,0,1,0,0,-25.820747,-49.334195,SPRF-PR,DEL01-PR,UOP03-DEL01-PR,MERCEDES BENZ,,Leve,Sul,19,Noite
665719,1501973,2025-03-07,sexta-feira,11:32:00,PA,230,115,MARABA,Não,Velocidade Incompatível,4,Queda de ocupante de veículo,Com Vítimas Fatais,Pleno dia,Decrescente,Céu Claro,Dupla,Reta,Sim,1198301,Motocicleta,HONDA/CG 160 TITAN,2022,Condutor,Lesões Leves,22,Masculino,0,1,0,0,-5.36074721,-49.0809614,SPRF-PA,DEL03-PA,UOP01-DEL03-PA,HONDA,CG 160 TITAN,Leve,Norte,11,Manhã
661616,1491973,2025-02-15,sábado,19:10:00,MT,163,203,RONDONOPOLIS,Não,Condutor usando celular,5,Queda de ocupante de veículo,Com Vítimas Fatais,Plena Noite,Decrescente,Céu Claro,Dupla,Reta;Viaduto,Sim,1190354,Caminhão-trator,SCANIA/R500 A6X4,2019,Condutor,Ileso,45,Masculino,1,0,0,0,-16.47232462,-54.65507269,SPRF-MT,DEL05-MT,UOP02-DEL05-MT,SCANIA,R500 A6X4,Sem Feridos,Centro-Oeste,19,Noite
653691,1472277,2025-01-07,terça-feira,03:00:00,PI,135,580,CORRENTE,Não,Velocidade Incompatível,2,Saída de leito carroçável,Com Vítimas Fatais,Plena Noite,Crescente,Nublado,Simples,Reta,Não,1175165,Ônibus,MBENZ/MPOLO PARADISO R,2015,Passageiro,Não Informado,,Não Informado,0,0,0,0,-10.35204598,-45.16752282,SPRF-PI,DEL03-PI,UOP02-DEL03-PI,MBENZ,MPOLO PARADISO R,Sem Feridos,Nordeste,3,Madrugada
667022,1505197,2025-03-13,quinta-feira,14:15:00,BA,116,674,JEQUIE,Sim,Reação tardia ou ineficiente do condutor,1,Queda de ocupante de veículo,Com Vítimas Feridas,Pleno dia,Crescente,Céu Claro,Simples,Reta,Sim,1200815,Ciclomotor,,0,Condutor,Lesões Leves,21,Feminino,0,1,0,0,-13.86479392,-40.11302939,SPRF-BA,DEL03-BA,UOP01-DEL03-BA,,,Leve,Nordeste,14,Tarde
696769,1549884,2025-06-08,domingo,08:15:00,BA,20,132,SAO DESIDERIO,Sim,Ingestão de álcool pelo condutor,1,Colisão traseira,Com Vítimas Feridas,Pleno dia,Decrescente,Céu Claro,Simples,Aclive;Reta,Não,1236577,Automóvel,VW/GOLF 1.6 SPORTLINE,2012,Condutor,Lesões Leves,42,Masculino,0,1,0,0,-12.81934142,-45.95763582,SPRF-BA,DEL10-BA,UOP01-DEL10-BA,VW,GOLF 1.6 SPORTLINE,Leve,Nordeste,8,Manhã
687374,1527440,2025-04-26,sábado,03:50:00,SC,101,"105,6",PENHA,Sim,Ingestão de álcool pelo condutor,3,Saída de leito carroçável,Com Vítimas Fatais,Plena Noite,Decrescente,Nublado,Dupla,Reta,Não,1218495,Automóvel,VW/GOLF GTI AC,2015,Passageiro,Lesões Leves,18,Feminino,0,1,0,0,-26.80718467,-48.68059007,SPRF-SC,DEL03-SC,UOP02-DEL03-SC,VW,GOLF GTI AC,Leve,Sul,3,Madrugada
664623,1499116,2025-03-01,sábado,20:40:00,PR,277,307,PRUDENTOPOLIS,Sim,Ausência de reação do condutor,2,Incêndio,Sem Vítimas,Plena Noite,Decrescente,Céu Claro,Simples,Desvio Temporário,Não,1196148,Caminhão-trator,M.BENZ/ACTROS 2651S 6X4,2022,Condutor,Ileso,42,Masculino,1,0,0,0,-25.31599988,-51.19617476,SPRF-PR,DEL08-PR,UOP01-DEL08-PR,M.BENZ,ACTROS 2651S 6X4,Sem Feridos,Sul,20,Noite
699881,1557332,2025-06-22,domingo,11:55:00,MT,158,633,NOVA XAVANTINA,Sim,Transitar na contramão,2,Tombamento,Com Vítimas Fatais,Pleno dia,Crescente,Céu Claro,Simples,Curva,Não,1242665,Caminhonete,CHEVROLET/S10 LTZ DD4A,2023,Passageiro,Ileso,16,Masculino,1,0,0,0,-14.53656346,-52.32989788,SPRF-MT,DEL07-MT,UOP02-DEL07-MT,CHEVROLET,S10 LTZ DD4A,Sem Feridos,Centro-Oeste,11,Manhã
654741,1473887,2025-01-12,domingo,23:40:00,ES,101,64,SAO MATEUS,Sim,Ingestão de álcool pelo condutor,1,Colisão frontal,Com Vítimas Feridas,Plena Noite,Crescente,Garoa/Chuvisco,Simples,Reta,Não,1177140,Bicicleta,,0,Condutor,Lesões Leves,38,Masculino,0,1,0,0,-18.70428583,-39.87065983,SPRF-ES,DEL04-ES,UOP02-DEL04-ES,,,Leve,Sudeste,23,Noite
695708,,2025-04-27,domingo,16:55:00,ES,101,361,GUARAPARI,Não,Curva acentuada,1,Tombamento,Com Vítimas Fatais,Pleno dia,Crescente,Nublado,Simples,Declive;Curva,Não,1234413,Semireboque,SR/FACCHINI SRF CAED,2015,,,,,,,,,-20.6580058,-40.6172825,SPRF-ES,DEL03-ES,UOP01-DEL03-ES,SR,FACCHINI SRF CAED,Sem Feridos,Sudeste,16,Tarde
663437,,2025-02-24,segunda-feira,13:40:00,MS,262,28,TRES LAGOAS,Sim,Transitar na contramão,1,Colisão frontal,Com Vítimas Fatais,Pleno dia,Crescente,Céu Claro,Simples,Reta,Não,1193904,Semireboque,SR/GUERRA AG TO,2013,,,,,,,,,-20.74027987,-52.10289717,SPRF-MS,DEL07-MS,UOP01-DEL07-MS,SR,GUERRA AG TO,Sem Feridos,Centro-Oeste,13,Tarde
691412,1537065,2025-03-28,sexta-feira,23:30:00,MA,135,"22,5",SAO LUIS,Sim,Ausência de reação do condutor,1,Colisão traseira,Com Vítimas Feridas,Plena Noite,Decrescente,Ignorado,Dupla,Reta,Sim,1226172,Automóvel,VW/NOVO VOYAGE 1.0,2012,Condutor,Ileso,,Masculino,1,0,0,0,-2.55615371,-44.3111918,SPRF-MA,DEL01-MA,UOP01-DEL01-MA,VW,NOVO VOYAGE 1.0,Sem Feridos,Nordeste,23,Noite
687533,1529522,2025-04-26,sábado,19:55:00,PR,153,"18,3",JACAREZINHO,Sim,Pedestre andava na pista,1,Atropelamento de Pedestre,Com Vítimas Feridas,Plena Noite,Decrescente,Nublado,Simples,Reta,Sim,1218700,Automóvel,FORD/FIESTA FLEX,2008,Condutor,Lesões Leves,55,Masculino,0,1,0,0,-23.14875986,-49.95297639,SPRF-PR,DEL07-PR,UOP04-DEL07-PR,FORD,FIESTA FLEX,Leve,Sul,19,Noite
673723,,2025-04-14,segunda-feira,18:45:00,MG,40,"447,3",CAETANOPOLIS,Não,Sinalização encoberta,1,Colisão frontal,Com Vítimas Feridas,Plena Noite,Crescente,Nublado,Simples,Reta;Interseção de Vias,Sim,1213709,Semireboque,SR/RANDON,1984,,,,,,,,,-19.29665,-44.38161,SPRF-MG,DEL02-MG,UOP01-DEL02-MG,SR,RANDON,Sem Feridos,Sudeste,18,Noite
665349,1501063,2025-03-05,quarta-feira,16:20:00,MG,40,"702,8",BARBACENA,Não,Ausência de reação do condutor,6,Capotamento,Com Vítimas Feridas,Pleno dia,Crescente,Céu Claro,Dupla,Reta,Sim,1197604,Automóvel,TOYOTA/ETIOS HB CROSS,2015,Condutor,Lesões Leves,53,Feminino,0,1,0,0,-21.21583782,-43.74732575,SPRF-MG,DEL05-MG,UOP02-DEL05-MG,TOYOTA,ETIOS HB CROSS,Leve,Sudeste,16,Tarde
701558,1561339,2025-06-30,segunda-feira,12:20:00,MG,116,"279,5",TEOFILO OTONI,Sim,Reação tardia ou ineficiente do condutor,3,Queda de ocupante de veículo,Com Vítimas Feridas,Pleno dia,Crescente,Céu Claro,Simples,Reta,Não,1245912,Motocicleta,HONDA/CB 300R,2011,Condutor,Lesões Leves,37,Masculino,0,1,0,0,-17.87701144,-41.52111053,SPRF-MG,DEL11-MG,UOP01-DEL11-MG,HONDA,CB 300R,Leve,Sudeste,12,Tarde
658883,1485086,2025-02-02,domingo,20:00:00,TO,153,644,DUERE,Não,Velocidade Incompatível,5,Tombamento,Com Vítimas Fatais,Plena Noite,Crescente,Chuva,Simples,Reta,Não,1185156,Automóvel,HONDA/CIVIC EXS,2012,Condutor,Óbito,33,Masculino,0,0,0,1,-11.48307595,-49.00099215,SPRF-TO,DEL01-TO,UOP02-DEL01-TO,HONDA,CIVIC EXS,Fatal,Norte,20,Noite
662660,1494461,2025-02-21,sexta-feira,08:00:00,PR,476,"145,7",CURITIBA,Sim,Trafegar com motocicleta (ou similar) entre as faixas,1,Colisão lateral mesmo sentido,Com Vítimas Feridas,Amanhecer,Crescente,Nublado,Dupla,Reta,Não,1192383,Motocicleta,,0,Condutor,Não Informado,,Não Informado,0,0,0,0,-25.550225,-49.327464,SPRF-PR,DEL01-PR,UOP06-DEL01-PR,,,Sem Feridos,Sul,8,Manhã
692374,1539339,2025-05-19,segunda-feira,15:16:00,PE,101,131,AGUA PRETA,Não,Reação tardia ou ineficiente do condutor,3,Colisão traseira,Com Vítimas Feridas,Pleno dia,Decrescente,Céu Claro,Dupla,Reta,Não,1228023,Caminhonete,RENAULT/MASTER FLASH AM5,2024,Condutor,Ileso,31,Masculino,1,0,0,0,-8.5731104,-35.4809596,SPRF-PE,DEL01-PE,UOP03-DEL01-PE,RENAULT,MASTER FLASH AM5,Sem Feridos,Nordeste,15,Tarde
668710,1511037,2025-03-21,sexta-feira,16:10:00,MT,163,1023,PEIXOTO DE AZEVEDO,Sim,Ingestão de álcool pelo condutor,1,Colisão lateral sentido oposto,Sem Vítimas,Pleno dia,Crescente,Céu Claro,Simples,Curva;Aclive,Não,1205463,Camioneta,RENAULT/DUSTER 20 D 4X2,2016,Passageiro,Ileso,13,Masculino,1,0,0,0,-10.29335,-55.029543,SPRF-MT,DEL06-MT,UOP03-DEL06-MT,RENAULT,DUSTER 20 D 4X2,Sem Feridos,Centro-Oeste,16,Tarde
661865,1492416,2025-02-16,domingo,23:17:00,MA,135,20,SAO LUIS,Não,Iluminação deficiente,1,Colisão traseira,Sem Vítimas,Plena Noite,Decrescente,Céu Claro,Dupla,Reta,Sim,1190728,Caminhonete,RENAULT/MASTERAMB RONTAN,2012,Passageiro,Ileso,29,Masculino,1,0,0,0,-2.73143875,-44.33163334,SPRF-MA,DEL01-MA,UOP01-DEL01-MA,RENAULT,MASTERAMB RONTAN,Sem Feridos,Nordeste,23,Noite
687267,1527191,2025-04-25,sexta-feira,15:00:00,MG,251,492,FRANCISCO SA,Sim,Demais falhas mecânicas ou elétricas,1,Colisão lateral sentido oposto,Com Vítimas Feridas,Pleno dia,Crescente,Céu Claro,Simples,Reta,Não,1218295,Automóvel,I/NISSAN VERSA 16SV FLEX,2014,Passageiro,Ileso,41,Feminino,1,0,0,0,-16.60520622,-43.63155842,SPRF-MG,DEL12-MG,UOP01-DEL12-MG,I,NISSAN VERSA 16SV FLEX,Sem Feridos,Sudeste,15,Tarde
655395,1475610,2025-01-16,quinta-feira,06:50:00,PR,277,"463,2",LARANJEIRAS DO SUL,Sim,Demais Fenômenos da natureza,1,Colisão traseira,Com Vítimas Feridas,Pleno dia,Decrescente,Céu Claro,Simples,Aclive;Reta,Não,1178406,Automóvel,I/GM CLASSIC LIFE,2006,Passageiro,Lesões Leves,81,Feminino,0,1,0,0,-25.354804,-52.481168,SPRF-PR,DEL04-PR,UOP02-DEL04-PR,I,GM CLASSIC LIFE,Leve,Sul,6,Manhã
694430,1544161,2025-05-21,quarta-feira,18:00:00,PR,277,74,SAO JOSE DOS PINHAIS,Não,Trafegar com motocicleta (ou similar) entre as faixas,4,Queda de ocupante de veículo,Com Vítimas Feridas,Plena Noite,Decrescente,Nublado,Dupla,Reta,Sim,1231953,Motocicleta,YAMAHA/NMAX,2020,Condutor,Lesões Leves,32,Masculino,0,1,0,0,-25.49459887,-49.16617719,SPRF-PR,DEL01-PR,UOP07-DEL01-PR,YAMAHA,NMAX,Leve,Sul,18,Noite
660353,1488635,2025-02-09,domingo,19:05:00,MA,222,665,ACAILANDIA,Sim,Pedestre andava na pista,1,Atropelamento de Pedestre,Com Vítimas Feridas,Plena Noite,Decrescente,Céu Claro,Simples,Declive,Não,,,,,Pedestre,Lesões Graves,47,Masculino,0,0,1,0,-4.89367779,-47.38426513,SPRF-MA,DEL04-MA,UOP03-DEL04-MA,,,Grave,Nordeste,19,Noite
694514,1545432,2025-05-29,quinta-feira,14:30:00,PI,135,229,COLONIA DO GURGUEIA,Não,Falta de elemento de contenção que evite a saída do leito carroçável,5,Tombamento,Com Vítimas Fatais,Pleno dia,Decrescente,Céu Claro,Simples,Reta;Declive,Sim,1232776,Motocicleta,HONDA/POP100,2010,Condutor,Óbito,71,Masculino,0,0,0,1,-8.191485,-43.792903,SPRF-PI,DEL03-PI,UOP02-DEL03-PI,HONDA,POP100,Fatal,Nordeste,14,Tarde
671882,1518182,2025-04-06,domingo,01:10:00,SC,101,"84,6",BARRA VELHA,Sim,Pedestre cruzava a pista fora da faixa,2,Colisão traseira,Com Vítimas Fatais,Plena Noite,Crescente,Nublado,Múltipla,Reta,Sim,,,,,Testemunha,Não Informado,,Não Informado,0,0,0,0,-26.630042,-48.705923,SPRF-SC,DEL03-SC,UOP02-DEL03-SC,,,Sem Feridos,Sul,1,Madrugada
668001,1507444,2025-03-18,terça-feira,09:35:00,RS,116,260,CANOAS,Sim,Ausência de reação do condutor,1,Colisão traseira,Com Vítimas Feridas,Pleno dia,Decrescente,Céu Claro,Múltipla,Reta,Não,1202545,Automóvel,RENAULT/SANDERO ST16 SCE,2017,Condutor,Ileso,35,Feminino,1,0,0,0,-29.8724378,-51.1784036,SPRF-RS,DEL01-RS,UOP01-DEL01-RS,RENAULT,SANDERO ST16 SCE,Sem Feridos,Sul,9,Manhã
697602,1551660,2025-04-23,quarta-feira,09:29:00,RJ,101,224,SILVA JARDIM,Sim,Reação tardia ou ineficiente do condutor,1,Colisão lateral mesmo sentido,Com Vítimas Feridas,Pleno dia,Crescente,Céu Claro,Dupla,Reta,Não,1238088,Motocicleta,HONDA/CG 160 START,0,Passageiro,Lesões Graves,22,Masculino,0,0,1,0,-22.51398417,-42.31384277,SPRF-RJ,DEL02-RJ,UOP03-DEL02-RJ,HONDA,CG 160 START,Grave,Sudeste,9,Manhã
670241,1512772,2025-03-28,sexta-feira,21:10:00,AM,319,707,HUMAITA,Não,Ausência de reação do condutor,3,Queda de ocupante de veículo,Com Vítimas Fatais,Plena Noite,Decrescente,Nublado,Simples,Reta;Aclive,Não,1206900,Automóvel,HONDA/CITY LX FLEX,2010,Passageiro,Lesões Leves,18,Feminino,0,1,0,0,-7.778945,-63.15419801,SPRF-AM,DEL01-AM,UOP05-DEL01-AM,HONDA,CITY LX FLEX,Leve,Norte,21,Noite
672511,1518163,2025-04-09,quarta-feira,07:30:00,ES,262,70,MARECHAL FLORIANO,Não,Velocidade Incompatível,1,Colisão traseira,Com Vítimas Feridas,Pleno dia,Crescente,Céu Claro,Simples,Curva;Aclive,Não,1211384,Motocicleta,HONDA/NXR160 BROS ESDD,2023,Condutor,Lesões Leves,26,Masculino,0,1,0,0,-20.415415,-40.867134,SPRF-ES,DEL01-ES,UOP02-DEL01-ES,HONDA,NXR160 BROS ESDD,Leve,Sudeste,7,Manhã
671410,1516693,2025-04-04,sexta-feira,02:00:00,PR,277,383,CANDOI,Não,Transitar na contramão,1,Colisão frontal,Com Vítimas Feridas,Plena Noite,Crescente,Céu Claro,Simples,Reta,Não,1209198,Ônibus,SCANIA/COMIL CAMPIONE DD,2022,Passageiro,Ileso,,Masculino,1,0,0,0,-25.43386,-51.80727,SPRF-PR,DEL08-PR,UOP01-DEL08-PR,SCANIA,COMIL CAMPIONE DD,Sem Feridos,Sul,2,Madrugada
689674,1533093,2025-05-07,quarta-feira,16:00:00,PE,232,364,FLORES,Não,Reação tardia ou ineficiente do condutor,1,Colisão lateral sentido oposto,Com Vítimas Feridas,Pleno dia,Decrescente,Nublado,Simples,Curva;Declive,Não,1222823,Caminhonete,CHEVROLET/S10 LS DD4,2024,Condutor,Lesões Leves,45,Masculino,0,1,0,0,-8.04023,-37.919742,SPRF-PE,DEL04-PE,UOP01-DEL04-PE,CHEVROLET,S10 LS DD4,Leve,Nordeste,16,Tarde
669709,1511401,2025-03-13,quinta-feira,10:40:00,MG,262,"702,6",ARAXA,Sim,Reação tardia ou ineficiente do condutor,1,Colisão lateral mesmo sentido,Sem Vítimas,Pleno dia,Decrescente,Céu Claro,Simples,Ponte;Reta;Em Obras,Não,1205791,Caminhão-trator,FORD/CARGO 2842 AT,2013,Passageiro,Ileso,56,Feminino,1,0,0,0,-19.57241464,-47.04709625,SPRF-MG,DEL08-MG,UOP01-DEL08-MG,FORD,CARGO 2842 AT,Sem Feridos,Sudeste,10,Manhã
664679,1499227,2025-03-01,sábado,23:40:00,MT,364,378,SANTO ANTONIO DO LEVERGER,Sim,Reação tardia ou ineficiente do condutor,2,Tombamento,Com Vítimas Fatais,Plena Noite,Decrescente,Céu Claro,Dupla,Reta,Não,1196222,Caminhão-trator,VOLVO/FH 540 6X4T,2012,Condutor,Ileso,38,Masculino,1,0,0,0,-15.70331456,-55.78467965,SPRF-MT,DEL01-MT,UOP02-DEL01-MT,VOLVO,FH 540 6X4T,Sem Feridos,Centro-Oeste,23,Noite
690470,1534823,2025-05-11,domingo,02:30:00,RO,364,425,JARU,Não,Ausência de reação do condutor,2,Tombamento,Com Vítimas Feridas,Plena Noite,Decrescente,Nublado,Múltipla,Reta;Interseção de Vias,Sim,1224337,Motoneta,HONDA/BIZ ES,2025,Condutor,Lesões Leves,23,Masculino,0,1,0,0,-10.43598216,-62.47440783,SPRF-RO,DEL03-RO,UOP02-DEL03-RO,HONDA,BIZ ES,Leve,Norte,2,Madrugada
669583,1511147,2025-03-25,terça-feira,19:25:00,MG,365,"139,8",VARZEA DA PALMA,Sim,Reação tardia ou ineficiente do condutor,2,Tombamento,Com Vítimas Feridas,Plena Noite,Crescente,Nublado,Simples,Curva,Não,1205556,Caminhão-trator,VOLVO/FH 460 6X2T,2012,Condutor,Lesões Leves,40,Masculino,0,1,0,0,-17.196456,-44.820867,SPRF-MG,DEL12-MG,UOP01-DEL12-MG,VOLVO,FH 460 6X2T,Leve,Sudeste,19,Noite
654942,1474445,2025-01-13,segunda-feira,20:15:00,RS,290,"490,7",ROSARIO DO SUL,Sim,Reação tardia ou ineficiente do condutor,1,Colisão frontal,Com Vítimas Feridas,Plena Noite,Crescente,Céu Claro,Simples,Reta,Não,1177521,Automóvel,NISSAN/KICKS S MT,2018,Passageiro,Ileso,27,Feminino,1,0,0,0,-30.234781,-55.022316,SPRF-RS,DEL11-RS,UOP02-DEL11-RS,NISSAN,KICKS S MT,Sem Feridos,Sul,20,Noite
658721,1484556,2025-02-01,sábado,21:20:00,MG,116,397,GOVERNADOR VALADARES,Não,Curva acentuada,1,Colisão frontal,Com Vítimas Feridas,Plena Noite,Decrescente,Céu Claro,Simples,Curva;Declive,Não,1184806,Automóvel,VW/PARATI CL,1995,Condutor,Lesões Leves,52,Masculino,0,1,0,0,-18.74618919,-41.98314664,SPRF-MG,DEL06-MG,UOP01-DEL06-MG,VW,PARATI CL,Leve,Sudeste,21,Noite
666732,1504390,2025-03-12,quarta-feira,06:40:00,SC,101,"275,8",IMBITUBA,Sim,Avarias e/ou desgaste excessivo no pneu,1,Colisão com objeto,Com Vítimas Feridas,Pleno dia,Crescente,Chuva,Múltipla,Reta,Não,1200163,Caminhão,VW/17.230 CRM 4X2,2021,Passageiro,Ileso,38,Masculino,1,0,0,0,-28.155487,-48.69277,SPRF-SC,DEL02-SC,UOP03-DEL02-SC,VW,17.230 CRM 4X2,Sem Feridos,Sul,6,Manhã
675935,1521815,2025-04-16,quarta-feira,12:45:00,SC,101,"86,2",BARRA VELHA,Sim,Acessar a via sem observar a presença dos outros veículos,2,Tombamento,Com Vítimas Feridas,Pleno dia,Crescente,Sol,Múltipla,Rotatória,Sim,1214365,Caminhonete,I/TOYOTA HILUX CD4X4 SRV,2014,Condutor,Ileso,68,Masculino,1,0,0,0,-26.63959959,-48.6939582,SPRF-SC,DEL03-SC,UOP02-DEL03-SC,I,TOYOTA HILUX CD4X4 SRV,Sem Feridos,Sul,12,Tarde
699233,1555757,2025-06-19,quinta-feira,19:49:00,DF,80,3,BRASILIA,Não,Problema com o freio,1,Saída de leito carroçável,Sem Vítimas,Anoitecer,Decrescente,Nublado,Simples,Declive;Reta,Não,1241424,Automóvel,I/NISSAN VERSA 16S FLEX,2012,Condutor,Não Informado,,Não Informado,0,0,0,0,-15.72972973,-48.18276475,SPRF-DF,DEL03-DF,UOP02-DEL03-DF,I,NISSAN VERSA 16S FLEX,Sem Feridos,Centro-Oeste,19,Noite
659458,1486557,2025-02-05,quarta-feira,16:25:00,MG,381,"525,5",BRUMADINHO,Não,Ingestão de álcool pelo condutor,1,Colisão com objeto,Com Vítimas Feridas,Pleno dia,Crescente,Céu Claro,Dupla,Em Obras;Declive;Curva,Não,1186219,Caminhão-trator,VW/18.310 TITAN,2004,Passageiro,Lesões Leves,55,Masculino,0,1,0,0,-20.16710798,-44.33422398,SPRF-MG,DEL04-MG,UOP03-DEL04-MG,VW,18.310 TITAN,Leve,Sudeste,16,Tarde