id,pesid,data_inversa,dia_semana,horario,uf,br,km,municipio,causa_principal,causa_acidente,ordem_tipo_acidente,tipo_acidente,classificacao_acidente,fase_dia,sentido_via,condicao_metereologica,tipo_pista,tracado_via,uso_solo,id_veiculo,tipo_veiculo,marca,ano_fabricacao_veiculo,tipo_envolvido,estado_fisico,idade,sexo,ilesos,feridos_leves,feridos_graves,mortos,latitude,longitude,regional,delegacia,uop,marca_limpa,modelo,gravidade,regiao,hora,periodo
653116,1469822,2025-01-04,sábado,09:00:00,MG,251,"472,9",FRANCISCO SA,Sim,Chuva,1,Colisão lateral sentido oposto,Com Vítimas Feridas,Pleno dia,Crescente,Chuva,Simples,Curva;Declive,Não,1174134,Automóvel,VW/FOX 1.6 GII,2012,Passageiro,Ileso,18,Feminino,1,0,0,0,-16.4669101,-43.43947986,SPRF-MG,DEL12-MG,UOP01-DEL12-MG,VW,FOX 1.6 GII,Sem Feridos,Sudeste,9,Manhã
685986,1523728,2025-04-19,sábado,17:00:00,RS,158,"150,9",PANAMBI,Sim,Ultrapassagem Indevida,1,Colisão frontal,Com Vítimas Feridas,Pleno dia,Decrescente,Sol,Simples,Reta;Aclive,Não,1215770,Automóvel,I/FORD FOCUS GHIA 2.0LFC,2003,Condutor,Ileso,49,Masculino,1,0,0,0,-28.28878,-53.485403,SPRF-RS,DEL10-RS,UOP02-DEL10-RS,I,FORD FOCUS GHIA 2.0LFC,Sem Feridos,Sul,17,Tarde
693877,1543013,2025-05-26,segunda-feira,15:28:00,SC,101,377,ICARA,Não,Velocidade Incompatível,2,Queda de ocupante de veículo,Com Vítimas Feridas,Pleno dia,Crescente,Céu Claro,Simples,Reta,Sim,1230990,Automóvel,TOYOTA/COROLLA SEG18FLEX,2009,Condutor,Ileso,43,Masculino,1,0,0,0,-28.747936,-49.26347,SPRF-SC,DEL02-SC,UOP01-DEL02-SC,TOYOTA,COROLLA SEG18FLEX,Sem Feridos,Sul,15,Tarde
671717,,2025-04-05,sábado,08:00:00,MT,364,587,DIAMANTINO,Sim,Velocidade Incompatível,2,Saída de leito carroçável,Com Vítimas Feridas,Pleno dia,Crescente,Nevoeiro/Neblina,Dupla,Reta,Não,1209807,Semireboque,SR/RANDON SR CA,2004,,,,,,,,,-14.53273836,-56.23047781,SPRF-MT,DEL01-MT,UOP01-DEL01-MT,SR,RANDON SR CA,Sem Feridos,Centro-Oeste,8,Manhã
692905,1540674,2025-05-22,quinta-feira,06:35:00,MT,364,201,RONDONOPOLIS,Não,Ingestão de álcool pelo condutor,1,Colisão traseira,Sem Vítimas,Pleno dia,Decrescente,Sol,Dupla,Reta,Sim,1229062,Ônibus,MARCOPOLO/VOLARE W8 ON,2013,Condutor,Ileso,49,Masculino,1,0,0,0,-16.487955,-54.64775,SPRF-MT,DEL02-MT,UOP01-DEL02-MT,MARCOPOLO,VOLARE W8 ON,Sem Feridos,Centro-Oeste,6,Manhã
662316,1493517,2025-02-11,terça-feira,18:45:00,MG,381,"917,6",CAMANDUCAIA,Sim,Reação tardia ou ineficiente do condutor,1,Colisão com objeto,Com Vítimas Feridas,Plena Noite,Crescente,Céu Claro,Dupla,Aclive;Curva,Não,1191604,Caminhão-trator,M.BENZ/ACTROS 2548S,2023,Condutor,Ileso,34,Masculino,1,0,0,0,-22.76700121,-46.17875277,SPRF-MG,DEL16-MG,UOP03-DEL16-MG,M.BENZ,ACTROS 2548S,Sem Feridos,Sudeste,18,Noite
672860,1521742,2025-04-11,sexta-feira,04:30:00,PI,135,271,ALVORADA DO GURGUEIA,Não,Reação tardia ou ineficiente do condutor,2,Saída de leito carroçável,Com Vítimas Fatais,Plena Noite,Crescente,Nublado,Simples,Aclive;Reta,Não,1212127,Ônibus,MBENZ/MPOLO PARADISO LDR,2006,Passageiro,Ileso,68,Masculino,1,0,0,0,-8.539576,-43.939158,SPRF-PI,DEL03-PI,UOP02-DEL03-PI,MBENZ,MPOLO PARADISO LDR,Sem Feridos,Nordeste,4,Madrugada
673795,1521191,2025-04-15,terça-feira,07:36:00,PE,232,"248,8",ARCOVERDE,Sim,Pedestre andava na pista,1,Atropelamento de Pedestre,Com Vítimas Feridas,Pleno dia,Crescente,Sol,Simples,Aclive;Reta,Não,,,,,Pedestre,Lesões Graves,28,Masculino,0,0,1,0,-8.42334,-37.043392,SPRF-PE,DEL04-PE,UOP02-DEL04-PE,,,Grave,Nordeste,7,Manhã
658497,1483938,2025-01-31,sexta-feira,20:15:00,SP,116,515,BARRA DO TURVO,Não,Velocidade Incompatível,1,Tombamento,Com Vítimas Feridas,Plena Noite,Crescente,Chuva,Simples,Curva,Não,1184336,Caminhonete,HYUNDAI/HR HDB,2013,Passageiro,Ileso,23,Masculino,1,0,0,0,-24.86704083,-48.21738184,SPRF-SP,DEL05-SP,UOP02-DEL05-SP,HYUNDAI,HR HDB,Sem Feridos,Sudeste,20,Noite
661434,1493284,2025-02-14,sexta-feira,23:45:00,PR,369,"172,7",ROLANDIA,Sim,Desrespeitar a preferência no cruzamento,3,Tombamento,Com Vítimas Feridas,Plena Noite,Crescente,Nublado,Simples,Reta;Interseção de Vias,Sim,1189992,Caminhonete,MMC/L200 TRITON SPO GLSA,2022,Passageiro,Ileso,25,Masculino,1,0,0,0,-23.307654,-51.366708,SPRF-PR,DEL07-PR,UOP01-DEL07-PR,MMC,L200 TRITON SPO GLSA,Sem Feridos,Sul,23,Noite
699182,1555634,2025-06-19,quinta-feira,13:45:00,PR,376,"539,5",PALMEIRA,Não,Demais falhas mecânicas ou elétricas,3,Queda de ocupante de veículo,Com Vítimas Feridas,Pleno dia,Decrescente,Sol,Dupla,Reta,Não,1241306,Motocicleta,YAMAHA/YBR 125K,2007,Condutor,Lesões Graves,33,Feminino,0,0,1,0,-25.3331,-49.8578,SPRF-PR,DEL03-PR,UOP03-DEL03-PR,YAMAHA,YBR 125K,Grave,Sul,13,Tarde
700691,1559432,2025-06-26,quinta-feira,18:10:00,SC,101,202,SAO JOSE,Sim,Trafegar com motocicleta (ou similar) entre as faixas,1,Queda de ocupante de veículo,Com Vítimas Feridas,Pleno dia,Decrescente,Chuva,Múltipla,Reta,Sim,1244359,Automóvel,I/RENAULT CLIO EXP1016VH,2013,Condutor,Ileso,24,Feminino,1,0,0,0,-27.5594307,-48.61754743,SPRF-SC,DEL01-SC,UOP01-DEL01-SC,I,RENAULT CLIO EXP1016VH,Sem Feridos,Sul,18,Noite
660665,1489559,2025-02-11,terça-feira,08:20:00,PR,277,"7,8",PARANAGUA,Sim,Reação tardia ou ineficiente do condutor,2,Tombamento,Com Vítimas Feridas,Pleno dia,Decrescente,Céu Claro,Dupla,Reta;Interseção de Vias,Sim,1188514,Caminhão-trator,DAF/XF FTS 480,2022,Condutor,Ileso,30,Masculino,1,0,0,0,-25.568198,-48.615292,SPRF-PR,DEL01-PR,UOP05-DEL01-PR,DAF,XF FTS 480,Sem Feridos,Sul,8,Manhã
658284,1483490,2025-01-30,quinta-feira,18:50:00,PB,230,21,JOAO PESSOA,Não,Condutor deixou de manter distância do veículo da frente,3,Queda de ocupante de veículo,Com Vítimas Feridas,Plena Noite,Decrescente,Céu Claro,Dupla,Reta,Sim,1183981,Motocicleta,HONDA/NXR150 BROS ES,2010,Condutor,Lesões Leves,59,Masculino,0,1,0,0,-7.1415,-34.8519,SPRF-PB,DEL01-PB,UOP01-DEL01-PB,HONDA,NXR150 BROS ES,Leve,Nordeste,18,Noite
667369,1505838,2025-03-15,sábado,01:30:00,GO,452,67,MAURILANDIA,Não,Objeto estático sobre o leito carroçável,4,Capotamento,Com Vítimas Fatais,Plena Noite,Crescente,Céu Claro,Simples,Declive;Reta,Não,1201342,Caminhão-trator,SCANIA/R 440 A6X2,2014,Condutor,Ileso,29,Masculino,1,0,0,0,-18.026031,-50.32409,SPRF-GO,DEL04-GO,UOP01-DEL04-GO,SCANIA,R 440 A6X2,Sem Feridos,Centro-Oeste,1,Madrugada
689107,1531512,2025-05-04,domingo,13:40:00,BA,324,561,SAO SEBASTIAO DO PASSE,Não,Chuva,3,Colisão traseira,Sem Vítimas,Pleno dia,Crescente,Chuva,Dupla,Reta;Declive,Não,1221723,Camioneta,I/HONDA CR-V LX,2010,Condutor,Ileso,52,Feminino,1,0,0,0,-12.5516936,-38.5733872,SPRF-BA,DEL01-BA,UOP01-DEL01-BA,I,HONDA CR-V LX,Sem Feridos,Nordeste,13,Tarde
662563,1494302,2025-02-20,quinta-feira,12:15:00,MS,262,200,RIBAS DO RIO PARDO,Não,Condutor Dormindo,3,Colisão com objeto,Com Vítimas Feridas,Pleno dia,Crescente,Nublado,Simples,Reta,Não,1192264,Caminhão,VW/24.280 CRM 6X2,2022,Condutor,Lesões Leves,49,Masculino,0,1,0,0,-20.4642317,-53.39504806,SPRF-MS,DEL01-MS,UOP05-DEL01-MS,VW,24.280 CRM 6X2,Leve,Centro-Oeste,12,Tarde
696670,1549700,2025-06-08,domingo,02:40:00,SC,280,27,ARAQUARI,Sim,Chuva,1,Colisão lateral sentido oposto,Com Vítimas Feridas,Plena Noite,Crescente,Chuva,Simples,Reta,Sim,1236369,Automóvel,HONDA/CIVIC EXL CVT,2020,Passageiro,Ileso,46,Masculino,1,0,0,0,-26.39509354,-48.73906223,SPRF-SC,DEL03-SC,UOP03-DEL03-SC,HONDA,CIVIC EXL CVT,Sem Feridos,Sul,2,Madrugada
692139,1538805,2025-05-18,domingo,17:52:00,SP,381,"26,8",BRAGANCA PAULISTA,Sim,Reação tardia ou ineficiente do condutor,1,Colisão com objeto,Sem Vítimas,Plena Noite,Decrescente,Céu Claro,Dupla,Reta,Sim,1227581,Automóvel,RENAULT/SANDERO PR1616VA,2012,Condutor,Ileso,32,Feminino,1,0,0,0,-23.02005994,-46.52886182,SPRF-SP,DEL03-SP,UOP02-DEL03-SP,RENAULT,SANDERO PR1616VA,Sem Feridos,Sudeste,17,Tarde
657529,1481439,2025-01-26,domingo,18:20:00,PR,476,182,LAPA,Sim,Velocidade Incompatível,2,Colisão com objeto,Com Vítimas Feridas,Anoitecer,Decrescente,Céu Claro,Simples,Curva,Não,1182485,Automóvel,RENAULT/SANDERO ZEN10MT,2019,Passageiro,Lesões Leves,85,Feminino,0,1,0,0,-25.716891,-49.61441,SPRF-PR,DEL01-PR,UOP06-DEL01-PR,RENAULT,SANDERO ZEN10MT,Leve,Sul,18,Noite
672219,1517368,2025-04-07,segunda-feira,17:30:00,SC,101,"223,5",PALHOCA,Sim,Acessar a via sem observar a presença dos outros veículos,1,Colisão transversal,Com Vítimas Feridas,Anoitecer,Crescente,Chuva,Dupla,Interseção de Vias,Não,1210701,Motocicleta,MOTTU/SPORT 110I,2023,Condutor,Lesões Leves,40,Masculino,0,1,0,0,-27.719914,-48.646379,SPRF-SC,DEL01-SC,UOP02-DEL01-SC,MOTTU,SPORT 110I,Leve,Sul,17,Tarde
656683,1479446,2025-01-22,quarta-feira,15:50:00,GO,70,9,AGUAS LINDAS DE GOIAS,Sim,Ingestão de álcool pelo condutor,2,Capotamento,Com Vítimas Feridas,Pleno dia,Decrescente,Céu Claro,Múltipla,Reta,Sim,1181023,Automóvel,VW/NOVO GOL 1.0,2013,Condutor,Lesões Graves,36,Masculino,0,0,1,0,-15.73576731,-48.28288046,SPRF-DF,DEL03-DF,UOP02-DEL03-DF,VW,NOVO GOL 1.0,Grave,Centro-Oeste,15,Tarde
694746,,2025-05-30,sexta-feira,19:40:00,SP,116,"118,1",TAUBATE,Sim,Condutor deixou de manter distância do veículo da frente,3,Queda de ocupante de veículo,Com Vítimas Feridas,Plena Noite,Crescente,Céu Claro,Dupla,Reta;Em Obras;Aclive,Não,1232638,Semireboque,SR/NOMA SRAB2E18 BCMD,2012,,,,,,,,,-23.06331145,-45.62835571,SPRF-SP,DEL02-SP,UOP02-DEL02-SP,SR,NOMA SRAB2E18 BCMD,Sem Feridos,Sudeste,19,Noite
694726,1545844,2025-05-30,sexta-feira,18:34:00,RS,290,578,ALEGRETE,Não,Ausência de sinalização,2,Colisão frontal,Com Vítimas Feridas,Plena Noite,Crescente,Nublado,Simples,Curva,Não,1232653,Automóvel,VW/PARATI 1.8,1999,Passageiro,Ileso,36,Masculino,1,0,0,0,-29.809978,-55.764563,SPRF-RS,DEL13-RS,UOP02-DEL13-RS,VW,PARATI 1.8,Sem Feridos,Sul,18,Noite
659760,,2025-02-07,sexta-feira,06:21:00,PE,316,39,ARARIPINA,Sim,Transitar na contramão,1,Colisão frontal,Com Vítimas Feridas,Pleno dia,Crescente,Nublado,Simples,Aclive;Reta,Não,1186799,Semireboque,SR/FACCHINI SRF CF,2020,,,,,,,,,-7.66360359,-40.40027781,SPRF-PE,DEL05-PE,UOP02-DEL05-PE,SR,FACCHINI SRF CF,Sem Feridos,Nordeste,6,Manhã
692278,1544660,2025-05-19,segunda-feira,06:35:00,SC,470,"320,7",CAMPOS NOVOS,Sim,Transitar na contramão,1,Colisão frontal,Com Vítimas Fatais,Amanhecer,Crescente,Garoa/Chuvisco,Simples,Curva,Não,1227836,Ônibus,VW/COMIL VERSATILE R,2019,Passageiro,Ileso,19,Masculino,1,0,0,0,-27.420677,-51.237977,SPRF-SC,DEL07-SC,UOP06-DEL07-SC,VW,COMIL VERSATILE R,Sem Feridos,Sul,6,Manhã
700117,1557911,2025-06-23,segunda-feira,21:45:00,PR,376,603,CURITIBA,Não,Condutor deixou de manter distância do veículo da frente,3,Queda de ocupante de veículo,Com Vítimas Feridas,Plena Noite,Crescente,Nublado,Dupla,Reta;Aclive,Sim,1243119,Caminhão-trator,VOLVO/FH 540 6X4T,2014,Condutor,Ileso,41,Masculino,1,0,0,0,-25.5322931,-49.3218367,SPRF-PR,DEL01-PR,UOP03-DEL01-PR,VOLVO,FH 540 6X4T,Sem Feridos,Sul,21,Noite
685888,1523380,2025-04-19,sábado,07:30:00,BA,101,708,EUNAPOLIS,Sim,Manobra de mudança de faixa,1,Colisão lateral mesmo sentido,Com Vítimas Feridas,Pleno dia,Decrescente,Céu Claro,Simples,Reta,Não,1215533,Automóvel,HONDA/HR-V EXL CVT,2019,Passageiro,Ileso,9,Masculino,1,0,0,0,-16.28724184,-39.58485603,SPRF-BA,DEL09-BA,UOP01-DEL09-BA,HONDA,HR-V EXL CVT,Sem Feridos,Nordeste,7,Manhã
656783,1481259,2025-01-23,quinta-feira,06:45:00,GO,364,259,JATAI,Não,Chuva,2,Tombamento,Com Vítimas Feridas,Amanhecer,Crescente,Chuva,Simples,Curva,Não,1181116,Caminhão-trator,VOLVO/FH 540 6X4T,2021,Passageiro,Lesões Leves,32,Feminino,0,1,0,0,-17.673866,-52.216778,SPRF-GO,DEL05-GO,UOP01-DEL05-GO,VOLVO,FH 540 6X4T,Leve,Centro-Oeste,6,Manhã
665554,1501606,2025-03-06,quinta-feira,17:00:00,PR,476,"177,7",CONTENDA,Não,Velocidade Incompatível,3,Tombamento,Com Vítimas Fatais,Pleno dia,Crescente,Sol,Simples,Curva,Não,1198009,Motocicleta,HONDA/CG 160 START,2023,Condutor,Óbito,23,Masculino,0,0,0,1,-25.70203996,-49.5753336,SPRF-PR,DEL01-PR,UOP06-DEL01-PR,HONDA,CG 160 START,Fatal,Sul,17,Tarde
701429,1561086,2025-06-29,domingo,20:20:00,MG,365,432,PATOS DE MINAS,Sim,Reação tardia ou ineficiente do condutor,1,Colisão frontal,Com Vítimas Fatais,Plena Noite,Crescente,Céu Claro,Simples,Interseção de Vias,Não,1245709,Automóvel,VW/T CROSS TSI AD,2019,Passageiro,Óbito,73,Feminino,0,0,0,1,-18.7589,-46.6637,SPRF-MG,DEL10-MG,UOP01-DEL10-MG,VW,T CROSS TSI AD,Fatal,Sudeste,20,Noite
693953,1544771,2025-05-26,segunda-feira,21:00:00,ES,101,"173,5",ARACRUZ,Sim,Ausência de reação do condutor,2,Engavetamento,Com Vítimas Feridas,Plena Noite,Crescente,Chuva,Simples,Reta,Não,1232426,Automóvel,NISSAN/VERSA 16 SL,2015,Passageiro,Ileso,10,Feminino,1,0,0,0,-19.58383203,-40.18936642,SPRF-ES,DEL04-ES,UOP01-DEL04-ES,NISSAN,VERSA 16 SL,Sem Feridos,Sudeste,21,Noite
654093,,2025-01-09,quinta-feira,17:00:00,PR,163,212,CASCAVEL,Sim,Problema com o freio,1,Tombamento,Com Vítimas Feridas,Pleno dia,Crescente,Céu Claro,Dupla,Curva;Viaduto,Não,1175940,Semireboque,SR/LIBRELATO CACAENCR 3E,2016,,,,,,,,,-24.92573701,-53.53696393,SPRF-PR,DEL05-PR,UOP05-DEL05-PR,SR,LIBRELATO CACAENCR 3E,Sem Feridos,Sul,17,Tarde
702661,1564145,2025-06-19,quinta-feira,21:35:00,MS,158,"133,1",APARECIDA DO TABOADO,Sim,Condutor Dormindo,2,Tombamento,Com Vítimas Feridas,Plena Noite,Crescente,Ignorado,Simples,Curva,Não,1248168,Motocicleta,HONDA/CG 150 TITAN ES,2004,Condutor,Lesões Graves,25,Masculino,0,0,1,0,-19.973689,-51.111995,SPRF-MS,DEL08-MS,UOP01-DEL08-MS,HONDA,CG 150 TITAN ES,Grave,Centro-Oeste,21,Noite
657074,1480242,2025-01-24,sexta-feira,15:20:00,SC,101,"219,9",PALHOCA,Sim,Avarias e/ou desgaste excessivo no pneu,1,Tombamento,Com Vítimas Feridas,Pleno dia,Crescente,Nublado,Dupla,Reta,Sim,1181636,Motocicleta,HONDA/CG 160 FAN,2024,Passageiro,Lesões Leves,25,Feminino,0,1,0,0,-27.6943365,-48.66292655,SPRF-SC,DEL01-SC,UOP02-DEL01-SC,HONDA,CG 160 FAN,Leve,Sul,15,Tarde
693293,1541590,2025-05-23,sexta-feira,20:30:00,RS,392,674,SALVADOR DAS MISSOES,Sim,Ultrapassagem Indevida,2,Tombamento,Com Vítimas Feridas,Plena Noite,Crescente,Nublado,Simples,Reta,Não,1229866,Automóvel,VW/VOYAGE 1.0,2010,Condutor,Lesões Leves,48,Masculino,0,1,0,0,-28.122215,-54.852921,SPRF-RS,DEL10-RS,UOP01-DEL10-RS,VW,VOYAGE 1.0,Leve,Sul,20,Noite
652792,1470343,2025-01-02,quinta-feira,17:14:00,PB,101,"85,1",BAYEUX,Sim,Trafegar com motocicleta (ou similar) entre as faixas,1,Colisão traseira,Com Vítimas Feridas,Anoitecer,Decrescente,Céu Claro,Dupla,Reta,Sim,1174711,Motocicleta,HONDA/CG 160 START,2018,Condutor,Ileso,30,Masculino,1,0,0,0,-7.145158,-34.91662887,SPRF-PB,DEL01-PB,UOP01-DEL01-PB,HONDA,CG 160 START,Sem Feridos,Nordeste,17,Tarde
697678,1552139,2025-06-12,quinta-feira,15:28:00,AL,101,181,JUNQUEIRO,Sim,Problema com o freio,2,Colisão lateral mesmo sentido,Com Vítimas Fatais,Pleno dia,Decrescente,Céu Claro,Dupla,Declive;Curva,Não,1238443,Caminhão-trator,VW/19.320 CLC TT,2010,Condutor,Óbito,48,Masculino,0,0,0,1,-9.896079,-36.405667,SPRF-AL,DEL02-AL,UOP02-DEL02-AL,VW,19.320 CLC TT,Fatal,Nordeste,15,Tarde
695988,1547893,2025-03-30,domingo,17:00:00,BA,242,267,BOA VISTA DO TUPIM,Sim,Transitar na contramão,3,Tombamento,Com Vítimas Fatais,Anoitecer,Decrescente,Céu Claro,Simples,Reta;Declive,Não,1234931,Micro-ônibus,RENAULT/MASTER EUROLAF P,2012,Passageiro,Lesões Graves,17,Feminino,0,0,1,0,-12.453237,-40.593145,SPRF-BA,DEL06-BA,UOP02-DEL06-BA,RENAULT,MASTER EUROLAF P,Grave,Nordeste,17,Tarde
687569,1529288,2025-04-26,sábado,23:30:00,PR,369,145,LONDRINA,Sim,Transitar na contramão,2,Tombamento,Com Vítimas Feridas,Plena Noite,Crescente,Céu Claro,Dupla,Reta,Sim,1219984,Motocicleta,HONDA/CG 160 FAN,2024,Condutor,Lesões Graves,32,Masculino,0,0,1,0,-23.29346315,-51.10914795,SPRF-PR,DEL07-PR,UOP01-DEL07-PR,HONDA,CG 160 FAN,Grave,Sul,23,Noite
692319,1539195,2025-05-19,segunda-feira,10:40:00,MG,40,"470,4",SETE LAGOAS,Não,Velocidade Incompatível,1,Colisão traseira,Com Vítimas Feridas,Pleno dia,Crescente,Céu Claro,Dupla,Reta;Aclive,Não,1227884,Motocicleta,HONDA/CG 150 TITAN KS,2007,Condutor,Lesões Leves,43,Masculino,0,1,0,0,-19.47048,-44.29535,SPRF-MG,DEL02-MG,UOP01-DEL02-MG,HONDA,CG 150 TITAN KS,Leve,Sudeste,10,Manhã
693308,1542772,2025-05-23,sexta-feira,22:35:00,AC,364,124,RIO BRANCO,Sim,Manobra de mudança de faixa,2,Tombamento,Com Vítimas Feridas,Plena Noite,Decrescente,Céu Claro,Dupla,Reta,Sim,1230788,Motocicleta,HONDA/CG 160 START,2019,Condutor,Lesões Leves,20,Masculino,0,1,0,0,-9.95766811,-67.83433303,SPRF-AC,DEL01-AC,UOP01-DEL01-AC,HONDA,CG 160 START,Leve,Norte,22,Noite
699698,1556968,2025-06-22,domingo,04:30:00,MG,116,"365,8",FREI INOCENCIO,Sim,Condutor Dormindo,2,Capotamento,Com Vítimas Fatais,Plena Noite,Crescente,Céu Claro,Simples,Reta,Não,1242412,Automóvel,VW/POLO SEDAN 1.6 COMFOR,2007,Condutor,Lesões Graves,32,Masculino,0,0,1,0,-18.501123,-41.876604,SPRF-MG,DEL11-MG,UOP01-DEL11-MG,VW,POLO SEDAN 1.6 COMFOR,Grave,Sudeste,4,Madrugada
655529,1475999,2025-01-16,quinta-feira,22:40:00,MG,381,"456,2",BELO HORIZONTE,Sim,Iluminação deficiente,1,Colisão com objeto,Com Vítimas Feridas,Plena Noite,Crescente,Chuva,Simples,Aclive,Sim,1178701,Camioneta,I/TOYOTA RAV4H 25L SX4WD,2019,Passageiro,Lesões Leves,15,Feminino,0,1,0,0,-19.841027,-43.885335,SPRF-MG,DEL01-MG,UOP01-DEL01-MG,I,TOYOTA RAV4H 25L SX4WD,Leve,Sudeste,22,Noite
656719,1479394,2025-01-22,quarta-feira,19:00:00,SC,101,"215,2",PALHOCA,Sim,Acessar a via sem observar a presença dos outros veículos,1,Colisão lateral mesmo sentido,Com Vítimas Feridas,Anoitecer,Decrescente,Céu Claro,Dupla,Reta;Viaduto,Sim,1180970,Motocicleta,MOTTU/SPORT 110I,2024,Condutor,Lesões Leves,44,Masculino,0,1,0,0,-27.65184843,-48.67604941,SPRF-SC,DEL01-SC,UOP02-DEL01-SC,MOTTU,SPORT 110I,Leve,Sul,19,Noite
661545,1491703,2025-02-15,sábado,12:00:00,ES,262,"154,2",IBATIBA,Sim,Reação tardia ou ineficiente do condutor,1,Colisão traseira,Com Vítimas Feridas,Pleno dia,Decrescente,Céu Claro,Simples,Reta,Não,1190162,Motoneta,HONDA/BIZ 125,2018,Condutor,Lesões Graves,28,Masculino,0,0,1,0,-20.22262434,-41.46210677,SPRF-ES,DEL01-ES,UOP02-DEL01-ES,HONDA,BIZ 125,Grave,Sudeste,12,Tarde
699719,1558026,2025-06-22,domingo,08:00:00,RN,226,59,SENADOR ELOI DE SOUZA,Sim,Ingestão de álcool pelo condutor,1,Colisão frontal,Com Vítimas Fatais,Pleno dia,Decrescente,Sol,Simples,Reta,Não,1242594,Automóvel,I/RENAULT CLIO EXP1016VS,2007,Passageiro,Lesões Graves,15,Feminino,0,0,1,0,-6.037175,-35.669577,SPRF-RN,DEL01-RN,UOP02-DEL01-RN,I,RENAULT CLIO EXP1016VS,Grave,Nordeste,8,Manhã
662110,1493010,2025-02-18,terça-feira,00:30:00,SC,470,49,BLUMENAU,Sim,Acessar a via sem observar a presença dos outros veículos,1,Colisão lateral mesmo sentido,Com Vítimas Feridas,Plena Noite,Crescente,Céu Claro,Dupla,Viaduto;Curva,Sim,1191231,Automóvel,CHEV/PRISMA 1.0MT LT,2013,Condutor,Ileso,29,Masculino,1,0,0,0,-26.86113669,-49.07146454,SPRF-SC,DEL04-SC,UOP01-DEL04-SC,CHEV,PRISMA 1.0MT LT,Sem Feridos,Sul,0,Madrugada
667318,1505719,2025-03-14,sexta-feira,18:20:00,MA,135,"132,2",MATOES DO NORTE,Não,Reação tardia ou ineficiente do condutor,1,Colisão traseira,Com Vítimas Fatais,Anoitecer,Crescente,Nublado,Simples,Em Obras;Reta;Desvio Temporário,Não,1201231,Motocicleta,HONDA/CG 160 FAN,2023,Condutor,Óbito,28,Masculino,0,0,0,1,-3.610583,-44.562365,SPRF-MA,DEL01-MA,UOP02-DEL01-MA,HONDA,CG 160 FAN,Fatal,Nordeste,18,Noite
695244,1546127,2025-06-01,domingo,22:00:00,MG,40,"476,5",SETE LAGOAS,Não,Ausência de reação do condutor,3,Capotamento,Com Vítimas Feridas,Plena Noite,Decrescente,Céu Claro,Múltipla,Reta,Não,1233491,Automóvel,GM/VECTRA GLS,1997,Passageiro,Lesões Leves,23,Feminino,0,1,0,0,-19.5192,-44.26691,SPRF-MG,DEL02-MG,UOP01-DEL02-MG,GM,VECTRA GLS,Leve,Sudeste,22,Noite
698726,1556077,2025-06-17,terça-feira,13:45:00,RS,158,"215,6",CRUZ ALTA,Não,Chuva,1,Colisão frontal,Com Vítimas Fatais,Pleno dia,Crescente,Chuva,Simples,Curva,Não,1240587,Automóvel,VW/GOL 1.0,2007,Passageiro,Óbito,29,Feminino,0,0,0,1,-28.822601,-53.614042,SPRF-RS,DEL10-RS,UOP02-DEL10-RS,VW,GOL 1.0,Fatal,Sul,13,Tarde
670241,1512774,2025-03-28,sexta-feira,21:10:00,AM,319,707,HUMAITA,Sim,Ultrapassagem Indevida,3,Queda de ocupante de veículo,Com Vítimas Fatais,Plena Noite,Decrescente,Nublado,Simples,Reta;Aclive,Não,1206900,Automóvel,HONDA/CITY LX FLEX,2010,Passageiro,Óbito,33,Feminino,0,0,0,1,-7.778945,-63.15419801,SPRF-AM,DEL01-AM,UOP05-DEL01-AM,HONDA,CITY LX FLEX,Fatal,Norte,21,Noite
671737,1516234,2025-04-05,sábado,12:30:00,MG,381,"922,9",CAMANDUCAIA,Sim,Acessar a via sem observar a presença dos outros veículos,1,Colisão transversal,Com Vítimas Feridas,Pleno dia,Decrescente,Nublado,Dupla,Retorno Regulamentado;Reta;Interseção de Vias,Não,1209844,Automóvel,I/RENAULT CLIO EXP1016VH,2013,Passageiro,Ileso,61,Masculino,1,0,0,0,-22.77166364,-46.18287201,SPRF-MG,DEL16-MG,UOP03-DEL16-MG,I,RENAULT CLIO EXP1016VH,Sem Feridos,Sudeste,12,Tarde