id,pesid,data_inversa,dia_semana,horario,uf,br,km,municipio,causa_principal,causa_acidente,ordem_tipo_acidente,tipo_acidente,classificacao_acidente,fase_dia,sentido_via,condicao_metereologica,tipo_pista,tracado_via,uso_solo,id_veiculo,tipo_veiculo,marca,ano_fabricacao_veiculo,tipo_envolvido,estado_fisico,idade,sexo,ilesos,feridos_leves,feridos_graves,mortos,latitude,longitude,regional,delegacia,uop,marca_limpa,modelo,gravidade,regiao,hora,periodo
669852,1512176,2025-03-27,quinta-feira,12:00:00,PR,163,208,CASCAVEL,Sim,Reação tardia ou ineficiente do condutor,1,Colisão traseira,Com Vítimas Feridas,Pleno dia,Crescente,Céu Claro,Dupla,Reta,Não,1206467,Automóvel,FIAT/ARGO DRIVE 1.3 GSR,2017,Passageiro,Lesões Leves,1,Feminino,0,1,0,0,-24.9516891,-53.4387933,SPRF-PR,DEL05-PR,UOP05-DEL05-PR,FIAT,ARGO DRIVE 1.3 GSR,Leve,Sul,12,Tarde
688157,1529256,2025-04-30,quarta-feira,01:15:00,PR,277,78,CURITIBA,Não,Velocidade Incompatível,2,Colisão com objeto,Com Vítimas Fatais,Plena Noite,Crescente,Nublado,Dupla,Reta;Aclive,Sim,1219957,Automóvel,VW/GOL 1.6L MB5,2019,Condutor,Ileso,51,Masculino,1,0,0,0,-25.48357102,-49.1916275,SPRF-PR,DEL01-PR,UOP07-DEL01-PR,VW,GOL 1.6L MB5,Sem Feridos,Sul,1,Madrugada
696995,1550238,2025-06-09,segunda-feira,07:45:00,MG,381,"705,5",NEPOMUCENO,Não,Chuva,2,Colisão com objeto,Com Vítimas Feridas,Pleno dia,Decrescente,Chuva,Dupla,Curva;Declive,Não,1236853,Automóvel,VW/FOX 1.0,2006,Passageiro,Ileso,69,Feminino,1,0,0,0,-21.3201506,-45.1656366,SPRF-MG,DEL04-MG,UOP02-DEL04-MG,VW,FOX 1.0,Sem Feridos,Sudeste,7,Manhã
700168,1558124,2025-06-24,terça-feira,08:55:00,PB,230,"19,5",JOAO PESSOA,Sim,Acumulo de areia ou detritos sobre o pavimento,3,Queda de ocupante de veículo,Com Vítimas Feridas,Pleno dia,Decrescente,Nublado,Dupla,Declive;Curva,Sim,1243292,Motocicleta,MOTTU/SPORT 110I,2023,Passageiro,Lesões Graves,24,Feminino,0,0,1,0,-7.13197,-34.853017,SPRF-PB,DEL01-PB,UOP01-DEL01-PB,MOTTU,SPORT 110I,Grave,Nordeste,8,Manhã
699049,1557250,2025-06-18,quarta-feira,20:34:00,RO,364,608,ITAPUA DO OESTE,Não,Falta de elemento de contenção que evite a saída do leito carroçável,1,Colisão transversal,Com Vítimas Feridas,Plena Noite,Crescente,Céu Claro,Simples,Reta,Não,1241170,Automóvel,HYUNDAI/HB20S 10M EVOLUT,2021,Passageiro,Lesões Leves,6,Feminino,0,1,0,0,-9.14827451,-63.23178738,SPRF-RO,DEL01-RO,UOP04-DEL01-RO,HYUNDAI,HB20S 10M EVOLUT,Leve,Norte,20,Noite
664998,1500127,2025-03-03,segunda-feira,17:10:00,SC,470,119,IBIRAMA,Não,Carga excessiva e/ou mal acondicionada,2,Capotamento,Com Vítimas Feridas,Pleno dia,Crescente,Céu Claro,Simples,Curva;Declive,Não,1196910,Caminhão-trator,VOLVO/FH 500 6X2T,2021,Condutor,Lesões Graves,49,Masculino,0,0,1,0,-27.08073299,-49.51994598,SPRF-SC,DEL04-SC,UOP02-DEL04-SC,VOLVO,FH 500 6X2T,Grave,Sul,17,Tarde
685490,1522352,2025-04-17,quinta-feira,17:15:00,SC,101,207,SAO JOSE,Não,Reação tardia ou ineficiente do condutor,1,Colisão traseira,Com Vítimas Feridas,Plena Noite,Crescente,Nublado,Múltipla,Reta;Aclive,Sim,1214793,Motocicleta,HONDA/CG 150 FAN ESI,2013,Condutor,Lesões Leves,26,Masculino,0,1,0,0,-27.60212739,-48.62869344,SPRF-SC,DEL01-SC,UOP01-DEL01-SC,HONDA,CG 150 FAN ESI,Leve,Sul,17,Tarde
699989,1557673,2025-06-23,segunda-feira,12:30:00,GO,40,1,VALPARAISO DE GOIAS,Sim,Animais na Pista,1,Tombamento,Com Vítimas Feridas,Pleno dia,Decrescente,Sol,Dupla,Reta,Sim,1242931,Motocicleta,MOTTU/SPORT 110I,2024,Condutor,Ileso,25,Masculino,1,0,0,0,-16.059866,-47.982881,SPRF-DF,DEL01-DF,UOP01-DEL01-DF,MOTTU,SPORT 110I,Sem Feridos,Centro-Oeste,12,Tarde
659414,1486425,2025-02-05,quarta-feira,11:46:00,MS,163,"550,1",BANDEIRANTES,Sim,Ausência de reação do condutor,1,Saída de leito carroçável,Com Vítimas Feridas,Pleno dia,Crescente,Céu Claro,Simples,Reta,Não,1186127,Caminhonete,I/TOYOTA HILUX CS4X4,2005,Condutor,Lesões Leves,82,Masculino,0,1,0,0,-19.906046,-54.372375,SPRF-MS,DEL01-MS,UOP02-DEL01-MS,I,TOYOTA HILUX CS4X4,Leve,Centro-Oeste,11,Manhã
666229,1503144,2025-03-09,domingo,19:15:00,RJ,101,488,ANGRA DOS REIS,Sim,Desrespeitar a preferência no cruzamento,1,Colisão transversal,Com Vítimas Feridas,Plena Noite,Decrescente,Céu Claro,Dupla,Reta,Não,1199171,Automóvel,HYUNDAI/HB20 10M COMFORT,2023,Condutor,Ileso,31,Masculino,1,0,0,0,-22.96181,-44.297422,SPRF-RJ,DEL03-RJ,UOP03-DEL03-RJ,HYUNDAI,HB20 10M COMFORT,Sem Feridos,Sudeste,19,Noite
660732,1489669,2025-02-11,terça-feira,14:15:00,PR,116,48,CAMPINA GRANDE DO SUL,Não,Pista esburacada,1,Colisão lateral mesmo sentido,Com Vítimas Feridas,Pleno dia,Crescente,Céu Claro,Dupla,Reta,Sim,1188605,Automóvel,RENAULT/LOGAN EXP 16,2010,Condutor,Lesões Leves,49,Masculino,0,1,0,0,-25.21991867,-48.90493155,SPRF-PR,DEL01-PR,UOP02-DEL01-PR,RENAULT,LOGAN EXP 16,Leve,Sul,14,Tarde
696224,1548508,2025-06-06,sexta-feira,10:00:00,RO,364,"377,7",OURO PRETO DO OESTE,Não,Carga excessiva e/ou mal acondicionada,2,Capotamento,Sem Vítimas,Pleno dia,Crescente,Céu Claro,Simples,Declive,Não,1235428,Caminhonete,FIAT/STRADA WORKING CE,2014,Passageiro,Ileso,24,Feminino,1,0,0,0,-10.741856,-62.206939,SPRF-RO,DEL02-RO,UOP01-DEL02-RO,FIAT,STRADA WORKING CE,Sem Feridos,Norte,10,Manhã
657165,1482499,2025-01-24,sexta-feira,22:30:00,BA,101,79,ALAGOINHAS,Sim,Reação tardia ou ineficiente do condutor,1,Colisão traseira,Com Vítimas Feridas,Plena Noite,Decrescente,Céu Claro,Simples,Reta,Não,1181806,Micro-ônibus,CITROEN/JUMPER M33M 23S,2011,Passageiro,Lesões Leves,34,Feminino,0,1,0,0,-12.01196305,-38.26882996,SPRF-BA,DEL01-BA,UOP04-DEL01-BA,CITROEN,JUMPER M33M 23S,Leve,Nordeste,22,Noite
692736,1540257,2025-05-21,quarta-feira,11:00:00,MT,70,522,VARZEA GRANDE,Sim,Acessar a via sem observar a presença dos outros veículos,2,Queda de ocupante de veículo,Com Vítimas Feridas,Pleno dia,Crescente,Céu Claro,Simples,Reta,Sim,1228731,Motocicleta,HONDA/CG 160 START,2019,Condutor,Lesões Leves,21,Masculino,0,1,0,0,-15.66231272,-56.18578955,SPRF-MT,DEL01-MT,UOP02-DEL01-MT,HONDA,CG 160 START,Leve,Centro-Oeste,11,Manhã
686417,1525090,2025-04-21,segunda-feira,10:50:00,MG,381,"433,6",SABARA,Sim,Ausência de reação do condutor,1,Colisão traseira,Com Vítimas Feridas,Pleno dia,Decrescente,Céu Claro,Simples,Curva;Aclive,Não,1216582,Automóvel,VW/NOVO FOX TL MB,2014,Passageiro,Lesões Leves,38,Feminino,0,1,0,0,-19.788359,-43.731115,SPRF-MG,DEL01-MG,UOP01-DEL01-MG,VW,NOVO FOX TL MB,Leve,Sudeste,10,Manhã
652614,1467941,2025-01-01,quarta-feira,14:15:00,RO,174,13,VILHENA,Sim,Velocidade Incompatível,2,Queda de ocupante de veículo,Com Vítimas Feridas,Pleno dia,Decrescente,Nublado,Dupla,Reta;Interseção de Vias,Sim,1173126,Motoneta,HONDA/BIZ 110I,2016,Passageiro,Lesões Graves,12,Masculino,0,0,1,0,-12.74140004,-60.13026401,SPRF-RO,DEL04-RO,UOP01-DEL04-RO,HONDA,BIZ 110I,Grave,Norte,14,Tarde
669926,1512000,2025-03-27,quinta-feira,19:00:00,SC,101,362,SANGAO,Não,Reação tardia ou ineficiente do condutor,1,Colisão traseira,Com Vítimas Feridas,Plena Noite,Decrescente,Céu Claro,Simples,Reta;Declive,Não,1206309,Automóvel,GM/CORSA WIND,2001,Passageiro,Ileso,28,Feminino,1,0,0,0,-28.677177,-49.133264,SPRF-SC,DEL02-SC,UOP01-DEL02-SC,GM,CORSA WIND,Sem Feridos,Sul,19,Noite
663676,1496807,2025-02-25,terça-feira,16:35:00,BA,101,352,WENCESLAU GUIMARAES,Sim,Chuva,1,Colisão frontal,Com Vítimas Fatais,Pleno dia,Decrescente,Chuva,Simples,Curva,Não,1194267,Automóvel,GM/CORSA WIND,1996,Condutor,Óbito,43,Masculino,0,0,0,1,-13.626,-39.495,SPRF-BA,DEL05-BA,UOP03-DEL05-BA,GM,CORSA WIND,Fatal,Nordeste,16,Tarde
687168,1526875,2025-04-25,sexta-feira,05:30:00,ES,101,71,SAO MATEUS,Sim,Ausência de reação do condutor,2,Queda de ocupante de veículo,Com Vítimas Feridas,Amanhecer,Crescente,Céu Claro,Simples,Reta;Aclive,Não,1218051,Motocicleta,JTA/SUZUKI BANDIT 650S,2009,Condutor,Lesões Graves,54,Masculino,0,0,1,0,-18.75469863,-39.86251831,SPRF-ES,DEL04-ES,UOP02-DEL04-ES,JTA,SUZUKI BANDIT 650S,Grave,Sudeste,5,Manhã
667664,1506579,2025-03-16,domingo,15:30:00,GO,60,"236,8",INDIARA,Não,Chuva,1,Saída de leito carroçável,Com Vítimas Feridas,Pleno dia,Crescente,Nublado,Dupla,Retorno Regulamentado;Reta;Aclive,Não,1201889,Caminhonete,CHEVROLET/S10 HC DD4A,2017,Passageiro,Lesões Leves,22,Feminino,0,1,0,0,-17.09073194,-49.85637546,SPRF-GO,DEL01-GO,UOP02-DEL01-GO,CHEVROLET,S10 HC DD4A,Leve,Centro-Oeste,15,Tarde
701074,1560235,2025-06-25,quarta-feira,07:10:00,BA,116,817,VITORIA DA CONQUISTA,Sim,Manobra de mudança de faixa,1,Colisão lateral sentido oposto,Com Vítimas Feridas,Pleno dia,Decrescente,Céu Claro,Simples,Reta,Não,1245059,Motocicleta,HONDA/POP 110I,2023,Condutor,Lesões Leves,25,Masculino,0,1,0,0,-14.82624,-40.82408,SPRF-BA,DEL08-BA,UOP01-DEL08-BA,HONDA,POP 110I,Leve,Nordeste,7,Manhã
701501,1561770,2025-06-30,segunda-feira,07:55:00,PI,343,9,PARNAIBA,Sim,Acessar a via sem observar a presença dos outros veículos,1,Colisão transversal,Com Vítimas Feridas,Pleno dia,Decrescente,Céu Claro,Simples,Reta,Sim,1246245,Motocicleta,HONDA/POP 110I,2023,Condutor,Lesões Graves,50,Masculino,0,0,1,0,-2.90146716,-41.73768282,SPRF-PI,DEL05-PI,UOP01-DEL05-PI,HONDA,POP 110I,Grave,Nordeste,7,Manhã
687812,1528504,2025-04-28,segunda-feira,07:50:00,MG,116,"322,3",ITAMBACURI,Sim,Frear bruscamente,2,Colisão frontal,Com Vítimas Feridas,Pleno dia,Crescente,Céu Claro,Simples,Reta,Não,1219288,Utilitário,CAOACHERY/TIGGO3X PRO TA,2022,Passageiro,Lesões Graves,32,Feminino,0,0,1,0,-18.17628,-41.707467,SPRF-MG,DEL11-MG,UOP01-DEL11-MG,CAOACHERY,TIGGO3X PRO TA,Grave,Sudeste,7,Manhã
662660,1494461,2025-02-21,sexta-feira,08:00:00,PR,476,"145,7",CURITIBA,Sim,Trafegar com motocicleta (ou similar) entre as faixas,2,Colisão lateral mesmo sentido,Com Vítimas Feridas,Amanhecer,Crescente,Nublado,Dupla,Reta,Não,1192383,Motocicleta,,0,Condutor,Não Informado,,Não Informado,0,0,0,0,-25.550225,-49.327464,SPRF-PR,DEL01-PR,UOP06-DEL01-PR,,,Sem Feridos,Sul,8,Manhã
663107,1495361,2025-02-23,domingo,04:30:00,MA,230,"405,6",BALSAS,Não,Condutor Dormindo,1,Queda de ocupante de veículo,Com Vítimas Fatais,Plena Noite,Crescente,Nublado,Simples,Reta,Sim,1193146,Motocicleta,YAMAHA/XTZ250 LANDER,2024,Condutor,Óbito,26,Masculino,0,0,0,1,-7.51967,-46.054127,SPRF-MA,DEL05-MA,UOP01-DEL05-MA,YAMAHA,XTZ250 LANDER,Fatal,Nordeste,4,Madrugada
662283,1493443,2025-01-09,quinta-feira,19:20:00,PI,343,308,ALTOS,Sim,Acessar a via sem observar a presença dos outros veículos,2,Tombamento,Com Vítimas Feridas,Plena Noite,Crescente,Ignorado,Simples,Interseção de Vias;Reta,Sim,1191551,Motoneta,SUNDOWN/WEB 100 EVO,2007,Passageiro,Lesões Leves,,Masculino,0,1,0,0,-5.0392942,-42.46994734,SPRF-PI,DEL01-PI,UOP01-DEL01-PI,SUNDOWN,WEB 100 EVO,Leve,Nordeste,19,Noite
699357,1556085,2025-06-20,sexta-feira,12:50:00,SC,470,"54,4",BLUMENAU,Sim,Acessar a via sem observar a presença dos outros veículos,1,Colisão transversal,Com Vítimas Feridas,Pleno dia,Crescente,Nublado,Simples,Reta;Interseção de Vias,Não,1241677,Automóvel,HONDA/CIVIC EXL CVT,2019,Passageiro,Ileso,45,Masculino,1,0,0,0,-26.87339589,-49.11416229,SPRF-SC,DEL04-SC,UOP01-DEL04-SC,HONDA,CIVIC EXL CVT,Sem Feridos,Sul,12,Tarde
688239,1529402,2025-03-24,segunda-feira,13:35:00,PR,369,149,LONDRINA,Sim,Ausência de reação do condutor,1,Colisão traseira,Com Vítimas Feridas,Pleno dia,Crescente,Céu Claro,Dupla,Reta;Interseção de Vias,Sim,1220064,Motocicleta,,0,Condutor,Não Informado,,Não Informado,0,0,0,0,-23.2930602,-51.15448348,SPRF-PR,DEL07-PR,UOP01-DEL07-PR,,,Sem Feridos,Sul,13,Tarde
656660,1479372,2025-01-22,quarta-feira,13:40:00,PE,101,"69,1",RECIFE,Sim,Acessar a via sem observar a presença dos outros veículos,3,Queda de ocupante de veículo,Com Vítimas Feridas,Pleno dia,Crescente,Céu Claro,Múltipla,Reta,Sim,1180835,Bicicleta,,0,Condutor,Ileso,45,Masculino,1,0,0,0,-8.060847,-34.945717,SPRF-PE,DEL01-PE,UOP01-DEL01-PE,,,Sem Feridos,Nordeste,13,Tarde
699808,1557120,2025-06-22,domingo,06:30:00,AM,319,14,CAREIRO DA VARZEA,Não,Ingestão de álcool pelo condutor,1,Saída de leito carroçável,Com Vítimas Feridas,Amanhecer,Crescente,Nublado,Simples,Reta,Sim,1242525,Utilitário,TOYOTA/CCROSS XRE 20,2024,Condutor,Lesões Leves,28,Masculino,0,1,0,0,-3.19393962,-59.86899412,SPRF-AM,DEL01-AM,UOP04-DEL01-AM,TOYOTA,CCROSS XRE 20,Leve,Norte,6,Manhã
697717,1552102,2025-06-12,quinta-feira,17:30:00,MG,40,"696,8",BARBACENA,Sim,Condutor deixou de manter distância do veículo da frente,3,Queda de ocupante de veículo,Com Vítimas Feridas,Anoitecer,Decrescente,Céu Claro,Simples,Aclive;Curva,Sim,1238410,Camioneta,JEEP/COMPASS LONGITUDE F,2017,Condutor,Ileso,47,Feminino,1,0,0,0,-21.17802232,-43.75629187,SPRF-MG,DEL05-MG,UOP02-DEL05-MG,JEEP,COMPASS LONGITUDE F,Sem Feridos,Sudeste,17,Tarde
686433,1524892,2025-04-21,segunda-feira,08:45:00,PI,316,"36,4",DEMERVAL LOBAO,Sim,Transitar na contramão,1,Colisão frontal,Com Vítimas Fatais,Pleno dia,Crescente,Céu Claro,Simples,Curva,Não,1216589,Caminhão,VW/23.230 WORKER 6X2,2014,Condutor,Ileso,34,Masculino,1,0,0,0,-5.389633,-42.667402,SPRF-PI,DEL01-PI,UOP02-DEL01-PI,VW,23.230 WORKER 6X2,Sem Feridos,Nordeste,8,Manhã
658340,1483794,2025-01-30,quinta-feira,17:30:00,PR,153,"509,5",GENERAL CARNEIRO,Não,Chuva,3,Derramamento de carga,Sem Vítimas,Anoitecer,Decrescente,Chuva,Simples,Curva,Não,1184221,Caminhão,VW/24.250 CLC 6X2,2009,Condutor,Ileso,26,Masculino,1,0,0,0,-26.54226738,-51.40216828,SPRF-PR,DEL02-PR,UOP03-DEL02-PR,VW,24.250 CLC 6X2,Sem Feridos,Sul,17,Tarde
653284,1469875,2025-01-05,domingo,04:36:00,RO,364,"277,6",PRESIDENTE MEDICI,Não,Acesso irregular,1,Colisão transversal,Com Vítimas Fatais,Plena Noite,Decrescente,Ignorado,Simples,Reta;Interseção de Vias,Não,1174415,Automóvel,FIAT/UNO WAY 1.4,2015,Condutor,Óbito,67,Masculino,0,0,0,1,-11.384555,-61.783628,SPRF-RO,DEL02-RO,UOP01-DEL02-RO,FIAT,UNO WAY 1.4,Fatal,Norte,4,Madrugada
695708,1547248,2025-04-27,domingo,16:55:00,ES,101,361,GUARAPARI,Não,Curva acentuada,2,Colisão lateral sentido oposto,Com Vítimas Fatais,Pleno dia,Crescente,Nublado,Simples,Declive;Curva,Não,1234411,Ônibus,SCANIA/MPOLO PARADISO DD,2023,Passageiro,Lesões Leves,9,Masculino,0,1,0,0,-20.6580058,-40.6172825,SPRF-ES,DEL03-ES,UOP01-DEL03-ES,SCANIA,MPOLO PARADISO DD,Leve,Sudeste,16,Tarde
673509,1521674,2025-04-13,domingo,19:40:00,SC,470,15,ILHOTA,Sim,Acumulo de água sobre o pavimento,1,Saída de leito carroçável,Sem Vítimas,Plena Noite,Decrescente,Chuva,Dupla,Reta,Não,,,,,Testemunha,Não Informado,,Não Informado,0,0,0,0,-26.84003612,-48.78786519,SPRF-SC,DEL04-SC,UOP04-DEL04-SC,,,Sem Feridos,Sul,19,Noite
659172,1485692,2025-02-04,terça-feira,07:40:00,RS,116,"149,4",CAXIAS DO SUL,Sim,Pedestre cruzava a pista fora da faixa,3,Queda de ocupante de veículo,Com Vítimas Feridas,Pleno dia,Crescente,Céu Claro,Dupla,Curva,Sim,1185606,Motocicleta,HONDA/XRE 190 SE,2021,Condutor,Lesões Leves,29,Masculino,0,1,0,0,-29.15996905,-51.15645292,SPRF-RS,DEL05-RS,UOP01-DEL05-RS,HONDA,XRE 190 SE,Leve,Sul,7,Manhã
661482,1491573,2025-02-15,sábado,06:30:00,PE,407,"116,1",PETROLINA,Sim,Acessar a via sem observar a presença dos outros veículos,1,Colisão lateral mesmo sentido,Com Vítimas Fatais,Amanhecer,Crescente,Céu Claro,Simples,Reta,Não,1190054,Caminhão,,0,Condutor,Não Informado,,Não Informado,0,0,0,0,-9.30942664,-40.57650626,SPRF-PE,DEL06-PE,UOP01-DEL06-PE,,,Sem Feridos,Nordeste,6,Manhã
670345,1512964,2025-03-29,sábado,16:00:00,RS,471,174,RIO PARDO,Não,Desrespeitar a preferência no cruzamento,1,Colisão transversal,Com Vítimas Feridas,Pleno dia,Crescente,Céu Claro,Dupla,Rotatória,Sim,1207147,Automóvel,I/RENAULT FLUENCE DYN20A,2011,Condutor,Ileso,49,Masculino,1,0,0,0,-29.9816509,-52.36971075,SPRF-RS,DEL02-RS,UOP03-DEL02-RS,I,RENAULT FLUENCE DYN20A,Sem Feridos,Sul,16,Tarde
657411,1481224,2025-01-26,domingo,06:00:00,PA,10,"262,5",AURORA DO PARA,Sim,Ausência de reação do condutor,1,Colisão traseira,Com Vítimas Fatais,Amanhecer,Crescente,Ignorado,Simples,Reta;Declive,Sim,1182344,Motocicleta,,0,Passageiro,Óbito,31,Feminino,0,0,0,1,-2.141316,-47.560802,SPRF-PA,DEL02-PA,UOP01-DEL02-PA,,,Fatal,Norte,6,Manhã
695666,1547109,2025-06-03,terça-feira,08:00:00,BA,116,575,NOVA ITARANA,Sim,Acessar a via sem observar a presença dos outros veículos,1,Colisão transversal,Com Vítimas Feridas,Pleno dia,Decrescente,Céu Claro,Simples,Reta,Não,1234301,Caminhonete,VW/SAVEIRO CS RB MF,2024,Condutor,Lesões Leves,33,Masculino,0,1,0,0,-13.08813114,-39.96259689,SPRF-BA,DEL03-BA,UOP02-DEL03-BA,VW,SAVEIRO CS RB MF,Leve,Nordeste,8,Manhã
686927,1526236,2025-04-23,quarta-feira,18:45:00,ES,101,"311,9",VILA VELHA,Sim,Acessar a via sem observar a presença dos outros veículos,1,Atropelamento de Pedestre,Com Vítimas Fatais,Plena Noite,Crescente,Céu Claro,Dupla,Reta,Não,1217582,Automóvel,HYUNDAI/CRETA1TA LIMITED,2024,Condutor,Ileso,32,Masculino,1,0,0,0,-20.443068,-40.46019,SPRF-ES,DEL01-ES,UOP01-DEL01-ES,HYUNDAI,CRETA1TA LIMITED,Sem Feridos,Sudeste,18,Noite
668567,1508865,2025-03-21,sexta-feira,07:02:00,GO,60,92,ANAPOLIS,Sim,Manobra de mudança de faixa,2,Tombamento,Com Vítimas Fatais,Pleno dia,Decrescente,Céu Claro,Dupla,Retorno Regulamentado;Reta;Aclive,Sim,1203723,Motocicleta,HONDA/CG 150 TITAN EX,2012,Passageiro,Óbito,21,Feminino,0,0,0,1,-16.35253996,-48.91671181,SPRF-GO,DEL02-GO,UOP01-DEL02-GO,HONDA,CG 150 TITAN EX,Fatal,Centro-Oeste,7,Manhã
698472,1553737,2025-06-16,segunda-feira,07:30:00,PR,369,"505,6",CASCAVEL,Sim,Acessar a via sem observar a presença dos outros veículos,1,Colisão transversal,Com Vítimas Feridas,Pleno dia,Decrescente,Garoa/Chuvisco,Simples,Reta,Sim,1239779,Caminhonete,I/TOYOTA HILUX CD4X4 SRV,2014,Condutor,Ileso,59,Masculino,1,0,0,0,-24.9465133,-53.3991129,SPRF-PR,DEL04-PR,UOP01-DEL04-PR,I,TOYOTA HILUX CD4X4 SRV,Sem Feridos,Sul,7,Manhã
692432,1540445,2025-05-19,segunda-feira,20:05:00,MG,40,"466,5",SETE LAGOAS,Sim,Reação tardia ou ineficiente do condutor,1,Saída de leito carroçável,Com Vítimas Feridas,Plena Noite,Crescente,Céu Claro,Múltipla,Reta;Declive,Sim,1228887,Caminhonete,GM/S10 ADVANTAGE S,2009,Condutor,Lesões Graves,52,Masculino,0,0,1,0,-19.447391,-44.320316,SPRF-MG,DEL02-MG,UOP01-DEL02-MG,GM,S10 ADVANTAGE S,Grave,Sudeste,20,Noite
658710,,2025-02-01,sábado,23:05:00,MG,381,438,SABARA,Sim,Ingestão de álcool pelo condutor,2,Tombamento,Com Vítimas Fatais,Plena Noite,Crescente,Nublado,Simples,Curva,Não,1184909,Semireboque,SR/RANDON SR CA,2005,,,,,,,,,-19.79944368,-43.76157045,SPRF-MG,DEL01-MG,UOP01-DEL01-MG,SR,RANDON SR CA,Sem Feridos,Sudeste,23,Noite
668254,1507988,2025-03-19,quarta-feira,12:00:00,GO,153,292,RIALMA,Sim,Condutor deixou de manter distância do veículo da frente,2,Queda de ocupante de veículo,Com Vítimas Feridas,Pleno dia,Decrescente,Céu Claro,Simples,Curva,Não,1203041,Caminhonete,I/VW AMAROK CD 4X4 HIGH,2014,Condutor,Ileso,72,Masculino,1,0,0,0,-15.24642725,-49.55589294,SPRF-GO,DEL02-GO,UOP02-DEL02-GO,I,VW AMAROK CD 4X4 HIGH,Sem Feridos,Centro-Oeste,12,Tarde
673469,1520286,2025-04-13,domingo,16:00:00,MG,381,"302,1",ANTONIO DIAS,Não,Conversão proibida,3,Tombamento,Com Vítimas Feridas,Pleno dia,Crescente,Céu Claro,Dupla,Curva,Não,1213159,Caminhonete,VW/SAVEIRO SUMMER 1.8,2001,Condutor,Ileso,67,Masculino,1,0,0,0,-19.630995,-42.873444,SPRF-MG,DEL03-MG,UOP02-DEL03-MG,VW,SAVEIRO SUMMER 1.8,Sem Feridos,Sudeste,16,Tarde
663908,1497372,2025-02-26,quarta-feira,19:00:00,RO,364,343,JI-PARANA,Sim,Pista esburacada,1,Queda de ocupante de veículo,Com Vítimas Feridas,Plena Noite,Crescente,Chuva,Dupla,Interseção de Vias,Sim,1194750,Motocicleta,YAMAHA/LANDER XTZ250,2013,Condutor,Lesões Leves,43,Masculino,0,1,0,0,-10.87823983,-61.94582641,SPRF-RO,DEL02-RO,UOP01-DEL02-RO,YAMAHA,LANDER XTZ250,Leve,Norte,19,Noite
685379,1522057,2025-04-17,quinta-feira,12:20:00,MG,381,512,IGARAPE,Sim,Ultrapassagem Indevida,1,Colisão lateral mesmo sentido,Com Vítimas Feridas,Pleno dia,Decrescente,Céu Claro,Simples,Reta,Sim,1214582,Motocicleta,YAMAHA/FAZER YS250,2007,Condutor,Lesões Leves,36,Masculino,0,1,0,0,-20.065568,-44.295031,SPRF-MG,DEL01-MG,UOP03-DEL01-MG,YAMAHA,FAZER YS250,Leve,Sudeste,12,Tarde
691700,1537904,2025-05-16,sexta-feira,18:12:00,PR,376,"116,2",ALTO PARANA,Sim,Acessar a via sem observar a presença dos outros veículos,4,Saída de leito carroçável,Com Vítimas Fatais,Anoitecer,Decrescente,Céu Claro,Dupla,Reta;Interseção de Vias,Não,1226843,Utilitário,TOYOTA/CCROSS XRE 20,2022,Condutor,Ileso,41,Feminino,1,0,0,0,-23.10239161,-52.35586166,SPRF-PR,DEL09-PR,UOP02-DEL09-PR,TOYOTA,CCROSS XRE 20,Sem Feridos,Sul,18,Noite
689489,1532613,2025-05-06,terça-feira,15:30:00,PR,116,"101,1",SAO JOSE DOS PINHAIS,Sim,Acessar a via sem observar a presença dos outros veículos,1,Atropelamento de Pedestre,Com Vítimas Feridas,Pleno dia,Crescente,Nublado,Dupla,Reta,Sim,,,,,Pedestre,Lesões Graves,75,Masculino,0,0,1,0,-25.56686,-49.17065,SPRF-PR,DEL01-PR,UOP07-DEL01-PR,,,Grave,Sul,15,Tarde