id,pesid,data_inversa,dia_semana,horario,uf,br,km,municipio,causa_principal,causa_acidente,ordem_tipo_acidente,tipo_acidente,classificacao_acidente,fase_dia,sentido_via,condicao_metereologica,tipo_pista,tracado_via,uso_solo,id_veiculo,tipo_veiculo,marca,ano_fabricacao_veiculo,tipo_envolvido,estado_fisico,idade,sexo,ilesos,feridos_leves,feridos_graves,mortos,latitude,longitude,regional,delegacia,uop,marca_limpa,modelo,gravidade,regiao,hora,periodo
660516,1489260,2025-02-10,segunda-feira,13:41:00,GO,60,79,ANAPOLIS,Sim,Velocidade Incompatível,1,Colisão traseira,Com Vítimas Feridas,Pleno dia,Decrescente,Céu Claro,Dupla,Reta,Sim,1188307,Caminhão,VW/17.250 CLC TRATOR,2008,Condutor,Lesões Graves,42,Masculino,0,0,1,0,-16.3053,-48.8208,SPRF-GO,DEL02-GO,UOP01-DEL02-GO,VW,17.250 CLC TRATOR,Grave,Centro-Oeste,13,Tarde
695243,,2025-06-01,domingo,16:25:00,MG,251,350,PADRE CARVALHO,Não,Condutor deixou de manter distância do veículo da frente,2,Colisão traseira,Com Vítimas Feridas,Pleno dia,Decrescente,Nublado,Simples,Curva;Declive,Não,1233458,Semireboque,SR/GUERRA AG FG,2012,,,,,,,,,-16.25888609,-42.52520084,SPRF-MG,DEL12-MG,UOP02-DEL12-MG,SR,GUERRA AG FG,Sem Feridos,Sudeste,16,Tarde
662861,1494882,2025-02-22,sábado,07:00:00,PB,,,CAMPINA GRANDE,Sim,Acessar a via sem observar a presença dos outros veículos,2,Tombamento,Com Vítimas Feridas,Pleno dia,Não Informado,Céu Claro,Dupla,Curva;Rotatória;Declive,Não,1192745,Motocicleta,HONDA/CG 150 FAN ESI,2010,Condutor,Lesões Leves,35,Masculino,0,1,0,0,-7.281938,-35.769403,SPRF-PB,DEL02-PB,UOP01-DEL02-PB,HONDA,CG 150 FAN ESI,Leve,Nordeste,7,Manhã
664148,1498015,2025-02-28,sexta-feira,06:50:00,DF,70,6,BRASILIA,Sim,Trafegar com motocicleta (ou similar) entre as faixas,1,Queda de ocupante de veículo,Com Vítimas Feridas,Pleno dia,Decrescente,Céu Claro,Dupla,Reta,Sim,1195251,Motoneta,HONDA/ELITE 125,2024,Condutor,Lesões Leves,36,Masculino,0,1,0,0,-15.7952609,-48.1991689,SPRF-DF,DEL03-DF,UOP02-DEL03-DF,HONDA,ELITE 125,Leve,Centro-Oeste,6,Manhã
694078,1543542,2025-05-27,terça-feira,15:40:00,PR,369,"402,1",JURANDA,Não,Condutor deixou de manter distância do veículo da frente,3,Colisão frontal,Com Vítimas Fatais,Pleno dia,Crescente,Céu Claro,Simples,Reta,Não,1231401,Caminhão-trator,SCANIA/R124 GA4X2NZ 360,2004,Condutor,Lesões Graves,77,Masculino,0,0,1,0,-24.39244295,-52.79960632,SPRF-PR,DEL04-PR,UOP03-DEL04-PR,SCANIA,R124 GA4X2NZ 360,Grave,Sul,15,Tarde
665332,1500931,2025-03-05,quarta-feira,12:50:00,MG,381,580,CARMOPOLIS DE MINAS,Não,Condutor deixou de manter distância do veículo da frente,1,Colisão traseira,Com Vítimas Fatais,Pleno dia,Crescente,Sol,Dupla,Reta;Aclive,Não,1197501,Caminhão,VW/24.250 CNC 6X2,2010,Condutor,Ileso,30,Masculino,1,0,0,0,-20.50796117,-44.61144676,SPRF-MG,DEL04-MG,UOP01-DEL04-MG,VW,24.250 CNC 6X2,Sem Feridos,Sudeste,12,Tarde
666510,1503875,2025-03-11,terça-feira,07:40:00,BA,324,526,FEIRA DE SANTANA,Sim,Acessar a via sem observar a presença dos outros veículos,1,Colisão transversal,Com Vítimas Feridas,Pleno dia,Crescente,Céu Claro,Dupla,Interseção de Vias,Não,1199706,Motoneta,HONDA/BIZ 125,2023,Condutor,Lesões Graves,51,Feminino,0,0,1,0,-12.30824865,-38.88776875,SPRF-BA,DEL01-BA,UOP03-DEL01-BA,HONDA,BIZ 125,Grave,Nordeste,7,Manhã
688277,1529602,2025-04-30,quarta-feira,16:20:00,RS,290,144,ELDORADO DO SUL,Sim,Acessar a via sem observar a presença dos outros veículos,1,Colisão transversal,Com Vítimas Feridas,Pleno dia,Crescente,Céu Claro,Simples,Reta;Interseção de Vias,Não,1220231,Caminhonete,FIAT/TORO VOLC AT9 4X4,2024,Condutor,Ileso,67,Masculino,1,0,0,0,-30.0908871,-51.63130903,SPRF-RS,DEL02-RS,UOP01-DEL02-RS,FIAT,TORO VOLC AT9 4X4,Sem Feridos,Sul,16,Tarde
655091,1477103,2025-01-14,terça-feira,12:30:00,PI,135,401,REDENCAO DO GURGUEIA,Sim,Reação tardia ou ineficiente do condutor,2,Tombamento,Com Vítimas Feridas,Pleno dia,Crescente,Chuva,Simples,Curva;Declive,Não,1177874,Ônibus,MBENZ/MPOLO PARADISO R,2004,Passageiro,Não Informado,,Não Informado,0,0,0,0,-9.41075383,-44.59663522,SPRF-PI,DEL03-PI,UOP02-DEL03-PI,MBENZ,MPOLO PARADISO R,Sem Feridos,Nordeste,12,Tarde
669378,1510705,2025-03-24,segunda-feira,20:15:00,RS,116,329,BARRA DO RIBEIRO,Sim,Ingestão de álcool pelo condutor,1,Saída de leito carroçável,Sem Vítimas,Plena Noite,Decrescente,Céu Claro,Dupla,Rotatória;Retorno Regulamentado,Não,1205209,Caminhonete,VW/SAVEIRO CS RB MPI,2023,Condutor,Ileso,53,Masculino,1,0,0,0,-30.39083545,-51.43426147,SPRF-RS,DEL02-RS,UOP02-DEL02-RS,VW,SAVEIRO CS RB MPI,Sem Feridos,Sul,20,Noite
654892,1474416,2025-01-13,segunda-feira,14:49:00,PR,280,"293,5",FLOR DA SERRA DO SUL,Não,Ultrapassagem Indevida,1,Colisão transversal,Com Vítimas Feridas,Pleno dia,Crescente,Sol,Simples,Reta;Interseção de Vias,Não,1177494,Caminhonete,I/FORD RANGER LTD CD432A,2018,Passageiro,Ileso,29,Masculino,1,0,0,0,-26.25026574,-53.33540044,SPRF-PR,DEL02-PR,UOP01-DEL02-PR,I,FORD RANGER LTD CD432A,Sem Feridos,Sul,14,Tarde
695237,1546121,2025-06-01,domingo,19:30:00,MT,70,4,BARRA DO GARCAS,Sim,Ingestão de álcool pelo condutor,2,Tombamento,Com Vítimas Feridas,Plena Noite,Crescente,Céu Claro,Dupla,Reta,Sim,1233488,Ciclomotor,I/SHINERAY XY50Q PHOENIX,2011,Condutor,Lesões Leves,35,Masculino,0,1,0,0,-15.87966595,-52.28181124,SPRF-MT,DEL07-MT,UOP01-DEL07-MT,I,SHINERAY XY50Q PHOENIX,Leve,Centro-Oeste,19,Noite
671536,1515743,2025-04-04,sexta-feira,12:30:00,MA,230,34,BARAO DE GRAJAU,Sim,Condutor Dormindo,2,Tombamento,Com Vítimas Feridas,Pleno dia,Decrescente,Céu Claro,Simples,Reta,Não,1209433,Caminhão-trator,SCANIA/R 440 A6X4,2013,Condutor,Lesões Leves,39,Masculino,0,1,0,0,-6.68250988,-43.29188347,SPRF-PI,DEL03-PI,UOP01-DEL03-PI,SCANIA,R 440 A6X4,Leve,Nordeste,12,Tarde
656122,1477877,2025-01-19,domingo,19:00:00,PI,343,23,PARNAIBA,Sim,Pedestre andava na pista,1,Atropelamento de Pedestre,Com Vítimas Fatais,Plena Noite,Crescente,Garoa/Chuvisco,Simples,Reta,Sim,,,,,Pedestre,Óbito,42,Masculino,0,0,0,1,-3.007861,-41.767223,SPRF-PI,DEL05-PI,UOP01-DEL05-PI,,,Fatal,Nordeste,19,Noite
655881,1477255,2025-01-18,sábado,16:20:00,DF,70,"0,6",BRASILIA,Não,Ausência de reação do condutor,2,Queda de ocupante de veículo,Com Vítimas Fatais,Pleno dia,Crescente,Céu Claro,Dupla,Reta,Sim,1179453,Automóvel,PEUGEOT/2008 GRIFFE A,2015,Condutor,Ileso,33,Masculino,1,0,0,0,-15.792352,-48.054509,SPRF-DF,DEL03-DF,UOP02-DEL03-DF,PEUGEOT,2008 GRIFFE A,Sem Feridos,Centro-Oeste,16,Tarde
698984,1555348,2025-06-18,quarta-feira,17:43:00,PB,230,"54,6",CRUZ DO ESPIRITO SANTO,Não,Velocidade Incompatível,1,Colisão traseira,Com Vítimas Feridas,Anoitecer,Crescente,Chuva,Dupla,Reta,Não,1241088,Automóvel,NISSAN/VERSA 16SL CVT,2020,Condutor,Lesões Leves,50,Masculino,0,1,0,0,-7.200903,-35.089128,SPRF-PB,DEL01-PB,UOP02-DEL01-PB,NISSAN,VERSA 16SL CVT,Leve,Nordeste,17,Tarde
698837,1554751,2025-06-17,terça-feira,22:50:00,PR,277,0,CURITIBA,Sim,Ausência de reação do condutor,3,Queda de ocupante de veículo,Com Vítimas Feridas,Plena Noite,Decrescente,Céu Claro,Simples,Interseção de Vias,Não,1240642,Motocicleta,HONDA/CG 160 FAN,2023,Condutor,Lesões Leves,23,Masculino,0,1,0,0,-25.42991815,-49.36719267,SPRF-PR,DEL01-PR,UOP05-DEL01-PR,HONDA,CG 160 FAN,Leve,Sul,22,Noite
669358,1510562,2025-03-24,segunda-feira,17:14:00,PR,163,"26,7",SANTO ANTONIO DO SUDOESTE,Não,Acessar a via sem observar a presença dos outros veículos,2,Saída de leito carroçável,Com Vítimas Feridas,Pleno dia,Crescente,Céu Claro,Simples,Rotatória,Não,1205091,Caminhonete,I/VW AMAROK CD 4X4 TREND,2017,Passageiro,Ileso,42,Masculino,1,0,0,0,-26.119194,-53.679631,SPRF-PR,DEL02-PR,UOP02-DEL02-PR,I,VW AMAROK CD 4X4 TREND,Sem Feridos,Sul,17,Tarde
697255,,2025-06-10,terça-feira,07:30:00,AM,174,1130,PRESIDENTE FIGUEIREDO,Sim,Reação tardia ou ineficiente do condutor,1,Saída de leito carroçável,Sem Vítimas,Pleno dia,Decrescente,Céu Claro,Simples,Em Obras;Reta,Não,1237404,Semireboque,SR/RANDON SR TQ,2002,,,,,,,,,-0.92483,-60.511465,SPRF-AM,DEL01-AM,UOP02-DEL01-AM,SR,RANDON SR TQ,Sem Feridos,Norte,7,Manhã
699358,1556168,2025-06-20,sexta-feira,11:30:00,BA,415,61,ITABUNA,Sim,Ausência de reação do condutor,1,Saída de leito carroçável,Com Vítimas Feridas,Pleno dia,Crescente,Céu Claro,Simples,Curva,Não,1241743,Automóvel,CHEV/TRACKER T A,2024,Passageiro,Lesões Leves,56,Feminino,0,1,0,0,-14.849113,-39.385505,SPRF-BA,DEL05-BA,UOP01-DEL05-BA,CHEV,TRACKER T A,Leve,Nordeste,11,Manhã
656013,1477512,2025-01-19,domingo,11:30:00,PR,277,134,CAMPO LARGO,Sim,Reação tardia ou ineficiente do condutor,2,Tombamento,Sem Vítimas,Pleno dia,Decrescente,Chuva,Dupla,Curva,Não,1179610,Automóvel,FORD/FIESTA FLEX,2010,Condutor,Ileso,42,Masculino,1,0,0,0,-25.468,-49.6239,SPRF-PR,DEL03-PR,UOP03-DEL03-PR,FORD,FIESTA FLEX,Sem Feridos,Sul,11,Manhã
695807,1548474,2025-06-04,quarta-feira,15:10:00,PB,101,115,PEDRAS DE FOGO,Sim,Acumulo de água sobre o pavimento,3,Capotamento,Com Vítimas Feridas,Pleno dia,Decrescente,Nublado,Dupla,Declive;Reta,Sim,1235403,Caminhonete,FIAT/TORO FREED T270 AT6,2024,Condutor,Ileso,35,Masculino,1,0,0,0,-7.40026952,-34.95511718,SPRF-PB,DEL01-PB,UOP01-DEL01-PB,FIAT,TORO FREED T270 AT6,Sem Feridos,Nordeste,15,Tarde
689891,1534330,2025-05-08,quinta-feira,19:45:00,GO,452,34,SANTA HELENA DE GOIAS,Não,Reação tardia ou ineficiente do condutor,4,Colisão lateral sentido oposto,Com Vítimas Fatais,Plena Noite,Crescente,Céu Claro,Simples,Aclive;Reta,Não,1223929,Caminhão-trator,VOLVO/FH 540 6X4T,2021,Condutor,Ileso,55,Masculino,1,0,0,0,-17.916027,-50.608648,SPRF-GO,DEL04-GO,UOP01-DEL04-GO,VOLVO,FH 540 6X4T,Sem Feridos,Centro-Oeste,19,Noite
666090,1502903,2025-03-09,domingo,07:03:00,MG,50,"123,6",UBERABA,Não,Condutor Dormindo,1,Atropelamento de Pedestre,Com Vítimas Fatais,Pleno dia,Crescente,Céu Claro,Dupla,Reta,Não,,,,,Pedestre,Óbito,48,Masculino,0,0,0,1,-19.337553,-48.097508,SPRF-MG,DEL13-MG,UOP01-DEL13-MG,,,Fatal,Sudeste,7,Manhã
661616,1491967,2025-02-15,sábado,19:10:00,MT,163,203,RONDONOPOLIS,Não,Redutor de velocidade em desacordo,3,Colisão lateral mesmo sentido,Com Vítimas Fatais,Plena Noite,Decrescente,Céu Claro,Dupla,Reta;Viaduto,Sim,1190359,Automóvel,NISSAN/KICKS SENSE CVT,2024,Condutor,Ileso,36,Masculino,1,0,0,0,-16.47232462,-54.65507269,SPRF-MT,DEL05-MT,UOP02-DEL05-MT,NISSAN,KICKS SENSE CVT,Sem Feridos,Centro-Oeste,19,Noite
665977,1502535,2025-03-08,sábado,16:20:00,SC,101,161,TIJUCAS,Sim,Manobra de mudança de faixa,2,Colisão com objeto,Com Vítimas Feridas,Pleno dia,Crescente,Céu Claro,Dupla,Reta,Não,1198729,Automóvel,FIAT/PALIO FIRE ECONOMY,2009,Condutor,Lesões Leves,29,Masculino,0,1,0,0,-27.21952522,-48.6258316,SPRF-SC,DEL04-SC,UOP03-DEL04-SC,FIAT,PALIO FIRE ECONOMY,Leve,Sul,16,Tarde
688363,1529678,2025-04-30,quarta-feira,19:10:00,RJ,116,184,NOVA IGUACU,Sim,Ausência de reação do condutor,1,Colisão traseira,Com Vítimas Feridas,Plena Noite,Crescente,Nublado,Múltipla,Reta,Sim,1220296,Motocicleta,HONDA/CB250F TWISTER CBS,2020,Condutor,Ileso,35,Masculino,1,0,0,0,-22.74125555,-43.49975936,SPRF-RJ,DEL06-RJ,UOP01-DEL06-RJ,HONDA,CB250F TWISTER CBS,Sem Feridos,Sudeste,19,Noite
689483,1532573,2025-05-06,terça-feira,13:00:00,PR,277,"315,9",GUARAPUAVA,Sim,Transitar na contramão,1,Colisão frontal,Com Vítimas Fatais,Pleno dia,Decrescente,Céu Claro,Múltipla,Declive;Curva,Não,1222452,Camioneta,RENAULT/DUSTER EXP16 SCE,2019,Condutor,Lesões Leves,23,Masculino,0,1,0,0,-25.35651413,-51.23655438,SPRF-PR,DEL08-PR,UOP01-DEL08-PR,RENAULT,DUSTER EXP16 SCE,Leve,Sul,13,Tarde
692685,1540282,2025-05-21,quarta-feira,07:38:00,ES,101,262,SERRA,Sim,Manobra de mudança de faixa,1,Colisão lateral mesmo sentido,Com Vítimas Feridas,Pleno dia,Decrescente,Sol,Dupla,Reta;Aclive,Sim,1228753,Automóvel,HYUNDAI/HB20 1.0M UNIQUE,2019,Condutor,Ileso,63,Feminino,1,0,0,0,-20.15893204,-40.27622475,SPRF-ES,DEL02-ES,UOP01-DEL02-ES,HYUNDAI,HB20 1.0M UNIQUE,Sem Feridos,Sudeste,7,Manhã
665127,1500441,2025-03-04,terça-feira,14:10:00,MG,40,"562,7",NOVA LIMA,Sim,Retorno proibido,1,Colisão lateral mesmo sentido,Com Vítimas Feridas,Pleno dia,Crescente,Céu Claro,Dupla,Curva,Não,1197131,Motocicleta,HONDA/NXR160 BROS ESDD,2019,Condutor,Lesões Leves,42,Masculino,0,1,0,0,-20.1567869,-43.9644662,SPRF-MG,DEL01-MG,UOP02-DEL01-MG,HONDA,NXR160 BROS ESDD,Leve,Sudeste,14,Tarde
670852,1516020,2025-04-01,terça-feira,04:55:00,MG,365,"665,8",MONTE ALEGRE DE MINAS,Não,Condutor deixou de manter distância do veículo da frente,1,Colisão traseira,Com Vítimas Feridas,Amanhecer,Decrescente,Nublado,Dupla,Reta,Não,1208153,Caminhonete,RENAULT/MASTER FUR L3H2,2021,Passageiro,Lesões Leves,5,Feminino,0,1,0,0,-18.89098063,-48.69503852,SPRF-MG,DEL15-MG,UOP01-DEL15-MG,RENAULT,MASTER FUR L3H2,Leve,Sudeste,4,Madrugada
668222,1507904,2025-03-19,quarta-feira,10:35:00,BA,101,741,ITABELA,Sim,Reação tardia ou ineficiente do condutor,1,Colisão traseira,Com Vítimas Feridas,Pleno dia,Crescente,Céu Claro,Simples,Declive;Curva,Não,1202967,Motocicleta,HONDA/CG150 FAN ESDI,2014,Condutor,Ileso,27,Masculino,1,0,0,0,-16.5513483,-39.5718883,SPRF-BA,DEL09-BA,UOP01-DEL09-BA,HONDA,CG150 FAN ESDI,Sem Feridos,Nordeste,10,Manhã
657167,1480472,2025-01-25,sábado,05:50:00,PR,369,149,LONDRINA,Sim,Ingestão de álcool pelo condutor,1,Saída de leito carroçável,Com Vítimas Feridas,Amanhecer,Decrescente,Céu Claro,Dupla,Reta,Sim,1181819,Automóvel,FIAT/MOBI LIKE,2016,Passageiro,Lesões Leves,32,Masculino,0,1,0,0,-23.29299999,-51.15732729,SPRF-PR,DEL07-PR,UOP01-DEL07-PR,FIAT,MOBI LIKE,Leve,Sul,5,Manhã
688306,1529606,2025-04-30,quarta-feira,17:45:00,PB,230,"12,1",CABEDELO,Sim,Acesso irregular,2,Tombamento,Com Vítimas Feridas,Plena Noite,Decrescente,Céu Claro,Dupla,Reta;Retorno Regulamentado,Sim,1220236,Automóvel,HONDA/FIT LX FLEX,2010,Condutor,Ileso,81,Feminino,1,0,0,0,-7.07295639,-34.84951168,SPRF-PB,DEL01-PB,UOP01-DEL01-PB,HONDA,FIT LX FLEX,Sem Feridos,Nordeste,17,Tarde
688081,1529581,2025-04-29,terça-feira,14:56:00,DF,,,BRASILIA,Sim,Reação tardia ou ineficiente do condutor,14,Colisão com objeto,Sem Vítimas,Pleno dia,Não Informado,Céu Claro,Simples,Curva,Sim,1219874,Motocicleta,TRIUMPH/TIGER 900 RALLYP,2024,Condutor,Ileso,45,Masculino,1,0,0,0,-15.79305422,-47.89345771,SPRF-DF,DEL01-DF,,TRIUMPH,TIGER 900 RALLYP,Sem Feridos,Centro-Oeste,14,Tarde
686232,1524192,2025-04-20,domingo,14:00:00,MT,70,"627,6",POCONE,Não,Velocidade Incompatível,1,Saída de leito carroçável,Com Vítimas Feridas,Pleno dia,Crescente,Chuva,Simples,Reta,Não,1216136,Camioneta,JEEP/COMPASS LIMITED F H,2020,Passageiro,Lesões Leves,26,Masculino,0,1,0,0,-15.935222,-57.010018,SPRF-MT,DEL03-MT,UOP02-DEL03-MT,JEEP,COMPASS LIMITED F H,Leve,Centro-Oeste,14,Tarde
699220,,2025-06-19,quinta-feira,18:30:00,MT,163,1033,PEIXOTO DE AZEVEDO,Não,Velocidade Incompatível,1,Engavetamento,Com Vítimas Feridas,Anoitecer,Decrescente,Céu Claro,Simples,Ponte;Reta,Sim,1241473,Semireboque,SR/RANDON SR CA,2012,,,,,,,,,-10.222,-54.972,SPRF-MT,DEL06-MT,UOP03-DEL06-MT,SR,RANDON SR CA,Sem Feridos,Centro-Oeste,18,Noite
654550,1473403,2025-01-11,sábado,17:00:00,MT,158,"635,5",NOVA XAVANTINA,Não,Velocidade Incompatível,2,Capotamento,Sem Vítimas,Anoitecer,Crescente,Chuva,Simples,Reta,Não,1176833,Caminhonete,CHEVROLET/S10 LS DD4,2016,Condutor,Não Informado,,Não Informado,0,0,0,0,-14.53513211,-52.34518098,SPRF-MT,DEL07-MT,UOP02-DEL07-MT,CHEVROLET,S10 LS DD4,Sem Feridos,Centro-Oeste,17,Tarde
671648,1516096,2025-04-05,sábado,00:20:00,PR,376,614,CURITIBA,Sim,Ausência de reação do condutor,1,Capotamento,Sem Vítimas,Plena Noite,Crescente,Garoa/Chuvisco,Dupla,Declive,Não,1209732,Caminhão,I/RAM 3500 LARAMIE 6.7D,2022,Condutor,Ileso,47,Masculino,1,0,0,0,-25.4476288,-49.2437504,SPRF-PR,DEL01-PR,UOP03-DEL01-PR,I,RAM 3500 LARAMIE 6.7D,Sem Feridos,Sul,0,Madrugada
660374,1488717,2025-02-09,domingo,07:20:00,RO,364,535,ALTO PARAISO,Não,Condutor Dormindo,2,Tombamento,Sem Vítimas,Pleno dia,Decrescente,Chuva,Simples,Curva,Não,1187892,Automóvel,VW/GOL 16V,1999,Condutor,Não Informado,,Não Informado,0,0,0,0,-9.75412198,-63.09728697,SPRF-RO,DEL03-RO,UOP01-DEL03-RO,VW,GOL 16V,Sem Feridos,Norte,7,Manhã
670184,1512570,2025-03-28,sexta-feira,20:30:00,PR,277,651,MATELANDIA,Não,Velocidade Incompatível,1,Colisão traseira,Com Vítimas Feridas,Plena Noite,Decrescente,Céu Claro,Simples,Reta,Sim,1206826,Automóvel,FIAT/SIENA ELX,2001,Condutor,Lesões Leves,49,Feminino,0,1,0,0,-25.19728091,-53.94331802,SPRF-PR,DEL05-PR,UOP02-DEL05-PR,FIAT,SIENA ELX,Leve,Sul,20,Noite
699190,,2025-06-19,quinta-feira,15:28:00,PR,116,"74,8",QUATRO BARRAS,Sim,Problema com o freio,2,Derramamento de carga,Sem Vítimas,Pleno dia,Decrescente,Céu Claro,Dupla,Reta,Não,1241360,Semireboque,SR/RANDON SR CA,2011,,,,,,,,,-25.375872,-49.048493,SPRF-PR,DEL01-PR,UOP02-DEL01-PR,SR,RANDON SR CA,Sem Feridos,Sul,15,Tarde
697411,1551193,2025-06-11,quarta-feira,07:00:00,SC,282,576,PINHALZINHO,Não,Velocidade Incompatível,1,Saída de leito carroçável,Sem Vítimas,Plena Noite,Crescente,Nevoeiro/Neblina,Simples,Curva,Sim,1237705,Caminhonete,I/TOYOTA HILUX CDLOWM4FD,2017,Condutor,Não Informado,,Não Informado,0,0,0,0,-26.864158,-52.955604,SPRF-SC,DEL07-SC,UOP02-DEL07-SC,I,TOYOTA HILUX CDLOWM4FD,Sem Feridos,Sul,7,Manhã
654389,1472958,2025-01-11,sábado,08:15:00,PB,230,"120,5",RIACHAO DO BACAMARTE,Não,Manobra de mudança de faixa,1,Saída de leito carroçável,Com Vítimas Feridas,Pleno dia,Decrescente,Nublado,Dupla,Reta,Não,1176535,Caminhonete,HYUNDAI/HR HDB,2013,Passageiro,Lesões Leves,45,Masculino,0,1,0,0,-7.245877,-35.652077,SPRF-PB,DEL02-PB,UOP01-DEL02-PB,HYUNDAI,HR HDB,Leve,Nordeste,8,Manhã
701650,1561667,2025-06-30,segunda-feira,19:40:00,PR,116,117,CURITIBA,Sim,Condutor deixou de manter distância do veículo da frente,1,Engavetamento,Sem Vítimas,Plena Noite,Decrescente,Garoa/Chuvisco,Múltipla,Reta,Sim,1246169,Automóvel,RENAULT/CLIO PRI 10 16VS,2003,Condutor,Ileso,58,Masculino,1,0,0,0,-25.55687297,-49.30607971,SPRF-PR,DEL01-PR,UOP03-DEL01-PR,RENAULT,CLIO PRI 10 16VS,Sem Feridos,Sul,19,Noite
653747,1471251,2025-01-07,terça-feira,17:24:00,MT,163,786,VERA,Não,Condutor deixou de manter distância do veículo da frente,2,Saída de leito carroçável,Com Vítimas Fatais,Anoitecer,Crescente,Chuva,Simples,Reta,Não,1175367,Caminhão,M.BENZ/L 1620,2008,Condutor,Óbito,58,Masculino,0,0,0,1,-12.28478231,-55.56112289,SPRF-MT,DEL06-MT,UOP02-DEL06-MT,M.BENZ,L 1620,Fatal,Centro-Oeste,17,Tarde
671010,1515157,2025-04-02,quarta-feira,01:30:00,MG,262,448,NOVA SERRANA,Sim,Demais falhas mecânicas ou elétricas,1,Incêndio,Sem Vítimas,Plena Noite,Crescente,Céu Claro,Simples,Reta,Sim,1208950,Caminhonete,NISSAN/FRONTIER SL 4X4,2015,Condutor,Ileso,22,Masculino,1,0,0,0,-19.85576209,-45.01701593,SPRF-MG,DEL08-MG,UOP03-DEL08-MG,NISSAN,FRONTIER SL 4X4,Sem Feridos,Sudeste,1,Madrugada
696716,1549673,2025-06-08,domingo,07:40:00,RS,116,261,PORTO ALEGRE,Sim,Condutor Dormindo,1,Colisão traseira,Com Vítimas Feridas,Pleno dia,Crescente,Céu Claro,Múltipla,Curva,Sim,1236430,Automóvel,CHEV/ONIX PLUS 10TMT LT1,2021,Passageiro,Lesões Leves,60,Feminino,0,1,0,0,-29.9700081,-51.1711703,SPRF-RS,DEL01-RS,UOP01-DEL01-RS,CHEV,ONIX PLUS 10TMT LT1,Leve,Sul,7,Manhã
687379,1528794,2025-04-26,sábado,03:20:00,PR,277,"595,7",CASCAVEL,Sim,Transitar na contramão,1,Colisão lateral sentido oposto,Com Vítimas Fatais,Plena Noite,Decrescente,Nublado,Dupla,Reta,Sim,1218436,Ônibus,VOLVO/BUSSCAR VIS BUSS R,2000,Passageiro,Ileso,,Masculino,1,0,0,0,-24.98673107,-53.50617852,SPRF-PR,DEL04-PR,UOP01-DEL04-PR,VOLVO,BUSSCAR VIS BUSS R,Sem Feridos,Sul,3,Madrugada
656998,1480052,2025-01-24,sexta-feira,08:05:00,MG,40,"98,7",LAGOA GRANDE,Não,Pista esburacada,3,Capotamento,Com Vítimas Feridas,Pleno dia,Decrescente,Céu Claro,Simples,Reta,Não,1181521,Camioneta,FORD/ECOSPORT FSL AT1.6B,2015,Passageiro,Lesões Leves,62,Feminino,0,1,0,0,-17.54929481,-46.52158383,SPRF-MG,DEL14-MG,UOP01-DEL14-MG,FORD,ECOSPORT FSL AT1.6B,Leve,Sudeste,8,Manhã
689933,1533624,2025-02-19,quarta-feira,16:46:00,PA,10,"16,5",DOM ELISEU,Sim,Acessar a via sem observar a presença dos outros veículos,2,Tombamento,Com Vítimas Feridas,Pleno dia,Decrescente,Céu Claro,Simples,Reta,Sim,1223353,Motocicleta,HONDA/CG 150 TITAN KS,0,Condutor,Lesões Graves,54,Masculino,0,0,1,0,-4.310932,-47.55446699,SPRF-PA,DEL02-PA,UOP02-DEL02-PA,HONDA,CG 150 TITAN KS,Grave,Norte,16,Tarde
692062,1538675,2025-05-18,domingo,11:35:00,MG,381,336,NOVA ERA,Não,Velocidade Incompatível,1,Colisão frontal,Com Vítimas Fatais,Pleno dia,Crescente,Ignorado,Simples,Curva,Não,1227473,Automóvel,VW/POLO 1.6,2002,Condutor,Lesões Leves,25,Masculino,0,1,0,0,-19.79134474,-43.05532799,SPRF-MG,DEL03-MG,UOP01-DEL03-MG,VW,POLO 1.6,Leve,Sudeste,11,Manhã