id,pesid,data_inversa,dia_semana,horario,uf,br,km,municipio,causa_principal,causa_acidente,ordem_tipo_acidente,tipo_acidente,classificacao_acidente,fase_dia,sentido_via,condicao_metereologica,tipo_pista,tracado_via,uso_solo,id_veiculo,tipo_veiculo,marca,ano_fabricacao_veiculo,tipo_envolvido,estado_fisico,idade,sexo,ilesos,feridos_leves,feridos_graves,mortos,latitude,longitude,regional,delegacia,uop,marca_limpa,modelo,gravidade,regiao,hora,periodo
688668,1530541,2025-05-02,sexta-feira,11:05:00,MT,364,393,CUIABA,Sim,Manobra de mudança de faixa,3,Colisão com objeto,Com Vítimas Feridas,Pleno dia,Decrescente,Sol,Dupla,Reta,Não,1220935,Automóvel,TOYOTA/YARIS HA PLS15CNT,2020,Passageiro,Ileso,90,Feminino,1,0,0,0,-15.68711,-55.91222,SPRF-MT,DEL01-MT,UOP02-DEL01-MT,TOYOTA,YARIS HA PLS15CNT,Sem Feridos,Centro-Oeste,11,Manhã
669146,1510058,2025-03-23,domingo,12:00:00,MG,251,334,RUBELITA,Não,Velocidade Incompatível,2,Colisão lateral mesmo sentido,Com Vítimas Fatais,Pleno dia,Decrescente,Céu Claro,Simples,Curva;Declive,Não,1204686,Caminhão,SCANIA/P320 B8X2,2023,Condutor,Ileso,47,Masculino,1,0,0,0,-16.264152,-42.410249,SPRF-MG,DEL12-MG,UOP02-DEL12-MG,SCANIA,P320 B8X2,Sem Feridos,Sudeste,12,Tarde
655942,1477237,2025-01-18,sábado,21:40:00,SC,470,"112,5",IBIRAMA,Sim,Ausência de reação do condutor,2,Capotamento,Com Vítimas Feridas,Plena Noite,Crescente,Ignorado,Dupla,Curva,Não,1179443,Automóvel,RENAULT/CLIO EXP 10 16VH,2005,Passageiro,Lesões Leves,23,Feminino,0,1,0,0,-27.09701,-49.462887,SPRF-SC,DEL04-SC,UOP02-DEL04-SC,RENAULT,CLIO EXP 10 16VH,Leve,Sul,21,Noite
697844,1552303,2025-05-18,domingo,18:30:00,PB,412,141,MONTEIRO,Não,Demais falhas mecânicas ou elétricas,2,Queda de ocupante de veículo,Com Vítimas Fatais,Plena Noite,Crescente,Chuva,Simples,Reta;Declive,Não,1238580,Motocicleta,HONDA/CG 125 FAN,2008,Condutor,Óbito,48,Masculino,0,0,0,1,-7.874274,-37.094931,SPRF-PB,DEL02-PB,UOP02-DEL02-PB,HONDA,CG 125 FAN,Fatal,Nordeste,18,Noite
701277,1562179,2025-06-29,domingo,07:00:00,SC,280,"147,7",MAFRA,Não,Avarias e/ou desgaste excessivo no pneu,1,Saída de leito carroçável,Com Vítimas Feridas,Pleno dia,Decrescente,Nublado,Simples,Reta,Não,1245790,Automóvel,GM/CORSA WIND,2001,Passageiro,Lesões Graves,19,Feminino,0,0,1,0,-26.2451,-49.67012,SPRF-SC,DEL06-SC,UOP03-DEL06-SC,GM,CORSA WIND,Grave,Sul,7,Manhã
686463,1525135,2025-04-21,segunda-feira,13:15:00,PB,230,"288,4",SANTA LUZIA,Não,Falta de elemento de contenção que evite a saída do leito carroçável,4,Colisão com objeto,Com Vítimas Feridas,Pleno dia,Crescente,Céu Claro,Simples,Reta,Sim,1216753,Camioneta,FORD/ECOSPORT FSL 1.6,2014,Passageiro,Ileso,21,Masculino,1,0,0,0,-6.874301,-36.908346,SPRF-PB,DEL03-PB,UOP01-DEL03-PB,FORD,ECOSPORT FSL 1.6,Sem Feridos,Nordeste,13,Tarde
666729,,2025-03-12,quarta-feira,09:14:00,PI,343,348,TERESINA,Não,Manobra de mudança de faixa,1,Tombamento,Com Vítimas Feridas,Pleno dia,Crescente,Sol,Múltipla,Reta,Sim,1200209,Semireboque,SR/RANDON SR CA,2010,,,,,,,,,-5.11831943,-42.78566955,SPRF-PI,DEL01-PI,UOP01-DEL01-PI,SR,RANDON SR CA,Sem Feridos,Nordeste,9,Manhã
697879,,2025-06-13,sexta-feira,13:45:00,RS,101,"1,9",TORRES,Sim,Acessar a via sem observar a presença dos outros veículos,2,Queda de ocupante de veículo,Sem Vítimas,Pleno dia,Decrescente,Sol,Dupla,Reta,Sim,1238765,Semireboque,SR/NOSTRA SRCF 2E,2021,,,,,,,,,-29.31590876,-49.77421658,SPRF-RS,DEL03-RS,UOP02-DEL03-RS,SR,NOSTRA SRCF 2E,Sem Feridos,Sul,13,Tarde
668567,,2025-03-21,sexta-feira,07:02:00,GO,60,92,ANAPOLIS,Sim,Manobra de mudança de faixa,4,Queda de ocupante de veículo,Com Vítimas Fatais,Pleno dia,Decrescente,Céu Claro,Dupla,Retorno Regulamentado;Reta;Aclive,Sim,1205701,Semireboque,SR/RANDON SR CA,2011,,,,,,,,,-16.35253996,-48.91671181,SPRF-GO,DEL02-GO,UOP01-DEL02-GO,SR,RANDON SR CA,Sem Feridos,Centro-Oeste,7,Manhã
694132,1543522,2025-05-27,terça-feira,19:40:00,MS,163,109,ITAQUIRAI,Não,Ausência de reação do condutor,2,Saída de leito carroçável,Com Vítimas Feridas,Plena Noite,Crescente,Céu Claro,Dupla,Reta,Não,1231414,Automóvel,CHEV/SPIN 1.8L MT LS E,2021,Condutor,Lesões Leves,45,Masculino,0,1,0,0,-23.204712,-54.204366,SPRF-MS,DEL09-MS,UOP01-DEL09-MS,CHEV,SPIN 1.8L MT LS E,Leve,Centro-Oeste,19,Noite
693102,1541148,2025-05-23,sexta-feira,07:00:00,SC,101,117,ITAJAI,Sim,Desrespeitar a preferência no cruzamento,1,Colisão transversal,Com Vítimas Feridas,Pleno dia,Decrescente,Garoa/Chuvisco,Dupla,Rotatória,Sim,1229453,Automóvel,CITROEN/C3 AIRCROSS GLXM,2011,Condutor,Ileso,28,Masculino,1,0,0,0,-26.89066968,-48.72069597,SPRF-SC,DEL04-SC,UOP04-DEL04-SC,CITROEN,C3 AIRCROSS GLXM,Sem Feridos,Sul,7,Manhã
689252,,2025-05-05,segunda-feira,12:50:00,SP,116,127,CACAPAVA,Sim,Reação tardia ou ineficiente do condutor,1,Colisão traseira,Sem Vítimas,Pleno dia,Decrescente,Céu Claro,Dupla,Reta,Não,1222020,Semireboque,SR/RANDON SRFG LO,2008,,,,,,,,,-23.06855933,-45.63829494,SPRF-SP,DEL02-SP,UOP02-DEL02-SP,SR,RANDON SRFG LO,Sem Feridos,Sudeste,12,Tarde
695385,,2025-06-02,segunda-feira,04:30:00,MT,163,1062,GUARANTA DO NORTE,Sim,Condutor Dormindo,4,Derramamento de carga,Com Vítimas Feridas,Plena Noite,Crescente,Céu Claro,Simples,Reta,Não,1235021,Semireboque,SR/LIBRELATO SRCA 2E,2023,,,,,,,,,-9.9812766,-54.906165,SPRF-MT,DEL06-MT,UOP03-DEL06-MT,SR,LIBRELATO SRCA 2E,Sem Feridos,Centro-Oeste,4,Madrugada
671021,1515195,2025-04-02,quarta-feira,06:50:00,SP,116,282,EMBU DAS ARTES,Não,Ausência de reação do condutor,1,Colisão lateral mesmo sentido,Sem Vítimas,Pleno dia,Crescente,Céu Claro,Dupla,Reta,Sim,,,,,Testemunha,Não Informado,,Não Informado,0,0,0,0,-23.65132687,-46.84743609,SPRF-SP,DEL04-SP,UOP01-DEL04-SP,,,Sem Feridos,Sudeste,6,Manhã
696804,1549863,2025-06-08,domingo,16:50:00,MG,262,357,BETIM,Sim,Ausência de reação do condutor,2,Queda de ocupante de veículo,Com Vítimas Feridas,Anoitecer,Decrescente,Céu Claro,Dupla,Curva;Declive,Não,1236573,Motocicleta,HONDA/NXR160 BROS SE,2020,Passageiro,Lesões Leves,8,Masculino,0,1,0,0,-19.984145,-44.240526,SPRF-MG,DEL01-MG,UOP03-DEL01-MG,HONDA,NXR160 BROS SE,Leve,Sudeste,16,Tarde
663278,1495809,2025-02-23,domingo,20:00:00,RS,285,598,SANTO ANTONIO DAS MISSOES,Sim,Ingestão de álcool pelo condutor,1,Colisão traseira,Com Vítimas Feridas,Anoitecer,Crescente,Céu Claro,Simples,Reta,Não,1193475,Automóvel,VW/GOL 1000,1996,Passageiro,Ileso,9,Masculino,1,0,0,0,-28.48888,-55.24626,SPRF-RS,DEL12-RS,UOP01-DEL12-RS,VW,GOL 1000,Sem Feridos,Sul,20,Noite
695757,,2025-06-04,quarta-feira,07:30:00,BA,116,604,IRAJUBA,Sim,Condutor deixou de manter distância do veículo da frente,2,Tombamento,Com Vítimas Feridas,Pleno dia,Decrescente,Céu Claro,Simples,Ponte,Não,1237814,Semireboque,SR/FACCHINI SRF 4LO,2023,,,,,,,,,-13.27522162,-40.01466393,SPRF-BA,DEL03-BA,UOP02-DEL03-BA,SR,FACCHINI SRF 4LO,Sem Feridos,Nordeste,7,Manhã
673604,1520648,2025-04-14,segunda-feira,07:55:00,SC,282,"5,8",SAO JOSE,Sim,Trafegar com motocicleta (ou similar) entre as faixas,2,Colisão lateral mesmo sentido,Com Vítimas Feridas,Pleno dia,Decrescente,Céu Claro,Múltipla,Declive;Reta,Sim,1213446,Motocicleta,HONDA/CBR 500R,2014,Condutor,Lesões Leves,31,Masculino,0,1,0,0,-27.58798556,-48.61389041,SPRF-SC,DEL01-SC,UOP01-DEL01-SC,HONDA,CBR 500R,Leve,Sul,7,Manhã
689070,1531476,2025-05-04,domingo,16:20:00,CE,222,15,CAUCAIA,Sim,Condutor deixou de manter distância do veículo da frente,1,Colisão traseira,Com Vítimas Feridas,Amanhecer,Crescente,Céu Claro,Simples,Reta,Não,1221697,Motocicleta,YAMAHA/XTZ250 LANDER,2024,Condutor,Lesões Leves,56,Masculino,0,1,0,0,-3.76000839,-38.6963582,SPRF-CE,DEL01-CE,UOP01-DEL01-CE,YAMAHA,XTZ250 LANDER,Leve,Nordeste,16,Tarde
691608,1537880,2025-05-16,sexta-feira,12:00:00,MG,40,"459,4",CAETANOPOLIS,Não,Velocidade Incompatível,2,Tombamento,Com Vítimas Feridas,Pleno dia,Crescente,Céu Claro,Dupla,Curva;Declive,Não,1226825,Caminhão,M.BENZ/915C,2009,Condutor,Lesões Leves,42,Masculino,0,1,0,0,-19.392589,-44.336219,SPRF-MG,DEL02-MG,UOP01-DEL02-MG,M.BENZ,915C,Leve,Sudeste,12,Tarde
691859,1538145,2025-05-17,sábado,08:30:00,MT,364,177,PEDRA PRETA,Sim,Ausência de reação do condutor,4,Colisão lateral mesmo sentido,Com Vítimas Feridas,Pleno dia,Decrescente,Céu Claro,Simples,Reta;Declive,Sim,1227039,Ônibus,MBENZ/MPOLO PARADISO R,2001,Condutor,Ileso,47,Masculino,1,0,0,0,-16.60955,-54.46779,SPRF-MT,DEL02-MT,UOP01-DEL02-MT,MBENZ,MPOLO PARADISO R,Sem Feridos,Centro-Oeste,8,Manhã
666468,1505362,2025-03-10,segunda-feira,20:55:00,MG,262,"41,1",MANHUACU,Não,Pedestre - Ingestão de álcool/ substâncias psicoativas,2,Tombamento,Com Vítimas Feridas,Plena Noite,Crescente,Céu Claro,Simples,Reta,Sim,,,,,Testemunha,Não Informado,,Não Informado,0,0,0,0,-20.2632546,-42.026703,SPRF-MG,DEL06-MG,UOP03-DEL06-MG,,,Sem Feridos,Sudeste,20,Noite
654922,1474358,2025-01-13,segunda-feira,17:40:00,PR,277,116,CAMPO LARGO,Sim,Ausência de reação do condutor,1,Atropelamento de Pedestre,Com Vítimas Feridas,Pleno dia,Crescente,Céu Claro,Dupla,Reta,Não,,,,,Pedestre,Lesões Graves,54,Feminino,0,0,1,0,-25.43342542,-49.40593292,SPRF-PR,DEL03-PR,UOP03-DEL03-PR,,,Grave,Sul,17,Tarde
700132,1557953,2025-06-24,terça-feira,02:55:00,MG,381,"688,1",LAVRAS,Não,Reação tardia ou ineficiente do condutor,1,Capotamento,Com Vítimas Feridas,Plena Noite,Decrescente,Nublado,Dupla,Curva;Declive,Não,1243149,Automóvel,GM/CORSA HATCH MAXX,2012,Passageiro,Lesões Leves,3,Feminino,0,1,0,0,-21.21737985,-45.1265452,SPRF-MG,DEL04-MG,UOP02-DEL04-MG,GM,CORSA HATCH MAXX,Leve,Sudeste,2,Madrugada
703561,1566318,2025-06-08,domingo,02:15:00,MG,116,211,CATUJI,Não,Reação tardia ou ineficiente do condutor,1,Colisão traseira,Com Vítimas Fatais,Plena Noite,Decrescente,Nublado,Simples,Reta;Aclive,Não,1249891,Automóvel,FORD/KA GL,2004,Condutor,Lesões Graves,39,Masculino,0,0,1,0,-17.337716,-41.531116,SPRF-MG,DEL11-MG,UOP01-DEL11-MG,FORD,KA GL,Grave,Sudeste,2,Madrugada
669264,1510520,2025-03-24,segunda-feira,11:20:00,MG,381,515,IGARAPE,Não,Condutor Dormindo,1,Colisão traseira,Com Vítimas Feridas,Pleno dia,Decrescente,Chuva,Dupla,Curva,Não,1205055,Caminhão,FORD/CARGO 815 E,2010,Condutor,Lesões Leves,54,Masculino,0,1,0,0,-20.09919202,-44.31770361,SPRF-MG,DEL01-MG,UOP03-DEL01-MG,FORD,CARGO 815 E,Leve,Sudeste,11,Manhã
660541,1489174,2025-02-10,segunda-feira,16:30:00,RS,386,"266,9",FONTOURA XAVIER,Não,Falta de elemento de contenção que evite a saída do leito carroçável,2,Saída de leito carroçável,Com Vítimas Feridas,Pleno dia,Crescente,Chuva,Simples,Em Obras;Curva;Declive,Não,1188220,Automóvel,FIAT/SIENA EL FLEX,2010,Passageiro,Lesões Leves,49,Feminino,0,1,0,0,-28.944974,-52.375688,SPRF-RS,DEL04-RS,UOP03-DEL04-RS,FIAT,SIENA EL FLEX,Leve,Sul,16,Tarde
701535,1561377,2025-06-30,segunda-feira,10:35:00,BA,324,603,SIMOES FILHO,Não,Manobra de mudança de faixa,2,Tombamento,Com Vítimas Feridas,Pleno dia,Crescente,Céu Claro,Dupla,Reta,Não,1245951,Motocicleta,HONDA/CG 160 TITAN,2024,Passageiro,Lesões Leves,22,Feminino,0,1,0,0,-12.772447,-38.419682,SPRF-BA,DEL01-BA,UOP01-DEL01-BA,HONDA,CG 160 TITAN,Leve,Nordeste,10,Manhã
671539,1517821,2025-04-04,sexta-feira,15:30:00,MG,50,156,UBERABA,Sim,Acessar a via sem observar a presença dos outros veículos,2,Saída de leito carroçável,Com Vítimas Feridas,Pleno dia,Decrescente,Céu Claro,Dupla,Reta;Declive,Não,1209437,Automóvel,GM/CORSA MILENIUM,2001,Passageiro,Lesões Leves,5,Masculino,0,1,0,0,-19.621961,-48.016841,SPRF-MG,DEL13-MG,UOP01-DEL13-MG,GM,CORSA MILENIUM,Leve,Sudeste,15,Tarde
671097,1514652,2025-03-17,segunda-feira,09:30:00,RJ,40,24,TRES RIOS,Sim,Chuva,1,Saída de leito carroçável,Com Vítimas Feridas,Pleno dia,Crescente,Chuva,Simples,Reta,Não,1208571,Automóvel,HONDA/CIVIC LXR,2013,Condutor,Lesões Leves,24,Masculino,0,1,0,0,-22.13907574,-43.15841675,SPRF-RJ,DEL05-RJ,UOP02-DEL05-RJ,HONDA,CIVIC LXR,Leve,Sudeste,9,Manhã
657786,1482214,2025-01-27,segunda-feira,17:40:00,RS,290,"281,8",CACHOEIRA DO SUL,Não,Ausência de reação do condutor,1,Colisão frontal,Com Vítimas Feridas,Anoitecer,Crescente,Nublado,Simples,Reta;Aclive,Não,1183013,Automóvel,CHEVROLET/PRISMA 1.4L LT,2011,Passageiro,Lesões Graves,13,Masculino,0,0,1,0,-30.251297,-53.033596,SPRF-RS,DEL02-RS,UOP03-DEL02-RS,CHEVROLET,PRISMA 1.4L LT,Grave,Sul,17,Tarde
654748,1473934,2025-01-13,segunda-feira,00:10:00,PR,277,"3,8",PARANAGUA,Não,Acumulo de areia ou detritos sobre o pavimento,3,Queda de ocupante de veículo,Sem Vítimas,Plena Noite,Decrescente,Nublado,Dupla,Reta,Sim,1177182,Automóvel,RENAULT/CLIO PRI 10 16VH,2006,Passageiro,Ileso,36,Masculino,1,0,0,0,-25.5395086,-48.5345222,SPRF-PR,DEL01-PR,UOP05-DEL01-PR,RENAULT,CLIO PRI 10 16VH,Sem Feridos,Sul,0,Madrugada
692073,1538645,2025-04-08,terça-feira,07:15:00,MG,381,516,IGARAPE,Sim,Problema com o freio,1,Colisão traseira,Com Vítimas Feridas,Pleno dia,Decrescente,Céu Claro,Dupla,Declive;Curva,Não,1227448,Caminhão-trator,DAF/CF85 FTS 410A,2018,Condutor,Lesões Leves,47,Masculino,0,1,0,0,-20.10134,-44.31934,SPRF-MG,DEL01-MG,UOP03-DEL01-MG,DAF,CF85 FTS 410A,Leve,Sudeste,7,Manhã
658852,1484944,2025-02-02,domingo,16:20:00,PR,153,24,JACAREZINHO,Sim,Acessar a via sem observar a presença dos outros veículos,1,Colisão transversal,Com Vítimas Feridas,Pleno dia,Crescente,Céu Claro,Simples,Aclive;Reta;Rotatória,Sim,1185058,Caminhão-trator,VOLVO/FH 420 4X2T,2012,Condutor,Ileso,61,Masculino,1,0,0,0,-23.18366424,-49.98244728,SPRF-PR,DEL07-PR,UOP04-DEL07-PR,VOLVO,FH 420 4X2T,Sem Feridos,Sul,16,Tarde
661746,1492700,2025-02-16,domingo,14:20:00,RS,290,60,GRAVATAI,Sim,Reação tardia ou ineficiente do condutor,2,Queda de ocupante de veículo,Com Vítimas Feridas,Pleno dia,Crescente,Céu Claro,Múltipla,Reta,Não,1190524,Automóvel,I/FORD FOCUS HC FLEX,2013,Passageiro,Ileso,14,Feminino,1,0,0,0,-29.924998,-50.85897,SPRF-RS,DEL03-RS,UOP01-DEL03-RS,I,FORD FOCUS HC FLEX,Sem Feridos,Sul,14,Tarde
657412,,2025-01-26,domingo,06:40:00,MS,163,843,SONORA,Não,Falta de elemento de contenção que evite a saída do leito carroçável,2,Tombamento,Com Vítimas Feridas,Amanhecer,Crescente,Céu Claro,Simples,Reta;Aclive,Não,1182307,Semireboque,SR/GUERRA AG GR,2003,,,,,,,,,-17.54609699,-54.74124217,SPRF-MS,DEL06-MS,UOP01-DEL06-MS,SR,GUERRA AG GR,Sem Feridos,Centro-Oeste,6,Manhã
664324,1498403,2025-02-28,sexta-feira,20:30:00,MG,262,367,JUATUBA,Sim,Ingestão de álcool pelo condutor,1,Colisão traseira,Sem Vítimas,Plena Noite,Decrescente,Céu Claro,Dupla,Reta,Sim,1195606,Utilitário,I/SUZUKI G.VITARA 2WD 5P,2013,Condutor,Ileso,35,Feminino,1,0,0,0,-19.9705134,-44.33127165,SPRF-MG,DEL01-MG,UOP03-DEL01-MG,I,SUZUKI G.VITARA 2WD 5P,Sem Feridos,Sudeste,20,Noite
692357,1539499,2025-05-19,segunda-feira,14:15:00,BA,116,"422,9",FEIRA DE SANTANA,Sim,Desrespeitar a preferência no cruzamento,1,Colisão transversal,Com Vítimas Feridas,Pleno dia,Decrescente,Sol,Dupla,Interseção de Vias;Reta;Retorno Regulamentado,Sim,1228154,Motocicleta,HONDA/CG 160 FAN,2019,Condutor,Lesões Leves,48,Masculino,0,1,0,0,-12.23177372,-38.97113141,SPRF-BA,DEL02-BA,UOP01-DEL02-BA,HONDA,CG 160 FAN,Leve,Nordeste,14,Tarde
653717,1471010,2025-01-07,terça-feira,16:40:00,SC,280,54,GUARAMIRIM,Sim,Demais falhas mecânicas ou elétricas,1,Incêndio,Sem Vítimas,Pleno dia,Crescente,Nublado,Dupla,Reta,Sim,1175202,Automóvel,VW/VIRTUS HL AD,2018,Condutor,Ileso,43,Masculino,1,0,0,0,-26.47539893,-48.983748,SPRF-SC,DEL03-SC,UOP03-DEL03-SC,VW,VIRTUS HL AD,Sem Feridos,Sul,16,Tarde
656580,1480572,2025-01-22,quarta-feira,01:30:00,PR,116,46,CAMPINA GRANDE DO SUL,Não,Reação tardia ou ineficiente do condutor,1,Capotamento,Com Vítimas Feridas,Plena Noite,Crescente,Céu Claro,Dupla,Curva,Não,1180695,Automóvel,RENAULT/SANDERO AUT 16,2009,Passageiro,Ileso,2,Feminino,1,0,0,0,-25.20185401,-48.8962139,SPRF-PR,DEL01-PR,UOP02-DEL01-PR,RENAULT,SANDERO AUT 16,Sem Feridos,Sul,1,Madrugada
657742,1482055,2025-01-27,segunda-feira,17:00:00,SC,101,"19,5",BIGUACU,Sim,Manobra de mudança de faixa,2,Colisão com objeto,Com Vítimas Feridas,Pleno dia,Crescente,Nublado,Dupla,Curva,Não,1182917,Automóvel,RENAULT/SCENIC RXE1.6 16,2002,Condutor,Lesões Leves,35,Masculino,0,1,0,0,-27.4946,-48.6561,SPRF-SC,DEL01-SC,UOP01-DEL01-SC,RENAULT,SCENIC RXE1.6 16,Leve,Sul,17,Tarde
687353,1527393,2025-04-25,sexta-feira,23:10:00,RS,290,"214,2",PANTANO GRANDE,Sim,Velocidade Incompatível,2,Colisão com objeto,Com Vítimas Feridas,Plena Noite,Crescente,Céu Claro,Simples,Em Obras;Interseção de Vias,Não,1218451,Motocicleta,HONDA/CG 150 TITAN KS,2006,Condutor,Lesões Leves,24,Masculino,0,1,0,0,-30.1866089,-52.35835075,SPRF-RS,DEL02-RS,UOP03-DEL02-RS,HONDA,CG 150 TITAN KS,Leve,Sul,23,Noite
689664,1534915,2025-05-07,quarta-feira,16:45:00,PI,135,351,BOM JESUS,Sim,Acessar a via sem observar a presença dos outros veículos,2,Queda de ocupante de veículo,Com Vítimas Feridas,Pleno dia,Decrescente,Céu Claro,Dupla,Retorno Regulamentado;Aclive;Reta,Sim,1224385,Caminhonete,FIAT/STRADA WORKING CD,2012,Condutor,Ileso,71,Feminino,1,0,0,0,-9.07527239,-44.35393095,SPRF-PI,DEL03-PI,UOP02-DEL03-PI,FIAT,STRADA WORKING CD,Sem Feridos,Nordeste,16,Tarde
673723,1520944,2025-04-14,segunda-feira,18:45:00,MG,40,"447,3",CAETANOPOLIS,Não,Ingestão de álcool pelo condutor,3,Queda de ocupante de veículo,Com Vítimas Feridas,Plena Noite,Crescente,Nublado,Simples,Reta;Interseção de Vias,Sim,1213710,Motocicleta,HONDA/CG 150 TITAN EX,2011,Condutor,Lesões Graves,28,Masculino,0,0,1,0,-19.29665,-44.38161,SPRF-MG,DEL02-MG,UOP01-DEL02-MG,HONDA,CG 150 TITAN EX,Grave,Sudeste,18,Noite
659930,1489966,2025-02-07,sexta-feira,21:50:00,CE,116,28,AQUIRAZ,Sim,Condutor deixou de manter distância do veículo da frente,1,Colisão traseira,Com Vítimas Feridas,Plena Noite,Decrescente,Céu Claro,Dupla,Reta,Não,1188793,Automóvel,GM/CORSA CLASSIC,2004,Condutor,Ileso,43,Masculino,1,0,0,0,-3.993072,-38.516277,SPRF-CE,DEL01-CE,UOP02-DEL01-CE,GM,CORSA CLASSIC,Sem Feridos,Nordeste,21,Noite
662317,1493565,2025-02-19,quarta-feira,08:20:00,ES,101,"174,5",ARACRUZ,Sim,Acessar a via sem observar a presença dos outros veículos,1,Colisão transversal,Com Vítimas Feridas,Pleno dia,Crescente,Céu Claro,Simples,Interseção de Vias,Não,1191646,Motoneta,HONDA/BIZ 125,2022,Condutor,Lesões Leves,49,Masculino,0,1,0,0,-19.58550717,-40.19021988,SPRF-ES,DEL04-ES,UOP01-DEL04-ES,HONDA,BIZ 125,Leve,Sudeste,8,Manhã
687817,1528467,2025-04-28,segunda-feira,08:45:00,SC,101,"212,2",PALHOCA,Não,Demais falhas mecânicas ou elétricas,1,Colisão traseira,Com Vítimas Feridas,Pleno dia,Crescente,Céu Claro,Múltipla,Reta,Sim,1219256,Automóvel,TOYOTA/COROLLA GLI18 CVT,2015,Condutor,Ileso,36,Masculino,1,0,0,0,-27.63162,-48.66078,SPRF-SC,DEL01-SC,UOP02-DEL01-SC,TOYOTA,COROLLA GLI18 CVT,Sem Feridos,Sul,8,Manhã
654898,1474492,2025-01-13,segunda-feira,16:00:00,RO,364,117,PIMENTA BUENO,Sim,Ultrapassagem Indevida,1,Colisão lateral mesmo sentido,Com Vítimas Feridas,Pleno dia,Crescente,Chuva,Simples,Reta;Aclive,Não,1177536,Caminhão-trator,SCANIA/G 380 A4X2,2010,Passageiro,Ileso,11,Feminino,1,0,0,0,-12.148638,-60.719808,SPRF-RO,DEL02-RO,UOP02-DEL02-RO,SCANIA,G 380 A4X2,Sem Feridos,Norte,16,Tarde
659629,1487124,2025-02-06,quinta-feira,15:00:00,MS,163,74,ITAQUIRAI,Sim,Ausência de reação do condutor,1,Colisão lateral sentido oposto,Com Vítimas Feridas,Pleno dia,Crescente,Nublado,Simples,Reta,Não,1186598,Automóvel,VW/NOVO GOL 1.6,2013,Condutor,Lesões Leves,33,Feminino,0,1,0,0,-23.50976209,-54.18919663,SPRF-MS,DEL09-MS,UOP02-DEL09-MS,VW,NOVO GOL 1.6,Leve,Centro-Oeste,15,Tarde
697975,1552727,2025-06-13,sexta-feira,20:41:00,SP,116,"77,1",ROSEIRA,Sim,Animais na Pista,1,Atropelamento de Animal,Com Vítimas Feridas,Plena Noite,Decrescente,Céu Claro,Dupla,Reta,Não,1238930,Caminhonete,CHEVROLET/S10 LTZ DD4A,2019,Condutor,Ileso,60,Masculino,1,0,0,0,-22.884467,-45.280824,SPRF-SP,DEL08-SP,UOP01-DEL08-SP,CHEVROLET,S10 LTZ DD4A,Sem Feridos,Sudeste,20,Noite
660242,1488468,2025-02-09,domingo,10:25:00,SC,280,26,ARAQUARI,Sim,Acessar a via sem observar a presença dos outros veículos,3,Queda de ocupante de veículo,Com Vítimas Feridas,Pleno dia,Decrescente,Sol,Simples,Reta,Sim,1187712,Motocicleta,HONDA/CB250F TWISTER CBS,2022,Passageiro,Lesões Leves,59,Masculino,0,1,0,0,-26.38972308,-48.73411593,SPRF-SC,DEL03-SC,UOP03-DEL03-SC,HONDA,CB250F TWISTER CBS,Leve,Sul,10,Manhã
658909,,2025-01-19,domingo,12:15:00,RS,285,"155,2",MUITOS CAPOES,Sim,Reação tardia ou ineficiente do condutor,4,Capotamento,Com Vítimas Feridas,Pleno dia,Crescente,Céu Claro,Simples,Curva,Não,1185110,Semireboque,SR/RANDON SR FG FR 03E,2024,,,,,,,,,-28.329794,-51.180145,SPRF-RS,DEL05-RS,UOP03-DEL05-RS,SR,RANDON SR FG FR 03E,Sem Feridos,Sul,12,Tarde
667342,1507560,2025-03-15,sábado,05:40:00,SP,116,546,BARRA DO TURVO,Sim,Chuva,1,Capotamento,Com Vítimas Feridas,Amanhecer,Crescente,Garoa/Chuvisco,Dupla,Curva,Não,1202652,Camioneta,HYUNDAI/TUCSON GLSB,2015,Condutor,Ileso,47,Masculino,1,0,0,0,-24.94709199,-48.42676163,SPRF-SP,DEL05-SP,UOP02-DEL05-SP,HYUNDAI,TUCSON GLSB,Sem Feridos,Sudeste,5,Manhã